Front_Sentence,Domain,Word,IPA,WordType,Meaning,Collocations,Paraphrase,Full_Sentence
The board of directors decided to <span class='blank'>______</span> the annual shareholder meeting until next Friday.,General Business,postpone,pəʊstˈpəʊn,verb,"hoãn lại, dời lịch","postpone a meeting, postpone indefinitely",postpone = delay = put off = defer,The board of directors decided to <b style='color:#0284c7'>postpone</b> the annual shareholder meeting until next Friday.
The internal auditing committee will <span class='blank'>______</span> a comprehensive inspection of financial records.,Corporate &amp; Finance,conduct,kənˈdʌkt,verb,"tiến hành, thực hiện","conduct an audit, conduct a survey, conduct an inspection",conduct = carry out = perform = execute,The internal auditing committee will <b style='color:#0284c7'>conduct</b> a comprehensive inspection of financial records.
All manufacturing plants must strictly <span class='blank'>______</span> with environmental and workplace safety regulations.,Manufacturing &amp; Compliance,comply,kəmˈplaɪ,verb,"tuân thủ, tuân theo","comply with safety regulations, comply with standards",comply with = adhere to = conform to = abide by,All manufacturing plants must strictly <b style='color:#0284c7'>comply</b> with environmental and workplace safety regulations.
Full-time software engineers are <span class='blank'>______</span> for tuition reimbursement after six months of service.,Human Resources,eligible,ˈelɪdʒəbl,adjective,"đủ điều kiện, đủ tư cách","eligible for a promotion, eligible for reimbursement",eligible for = qualified for = entitled to,Full-time software engineers are <b style='color:#0284c7'>eligible</b> for tuition reimbursement after six months of service.
Please submit your travel receipts so that the finance department can <span class='blank'>______</span> your business expenses.,Finance &amp; Expenses,reimburse,ˌriːɪmˈbɜːs,verb,"hoàn tiền, bồi hoàn chi phí","reimburse travel expenses, reimburse employees",reimburse = compensate = pay back = refund,Please submit your travel receipts so that the finance department can <b style='color:#0284c7'>reimburse</b> your business expenses.
The shareholders <span class='blank'>______</span> approved the proposed merger with the technology firm.,General Business,unanimously,juːˈnænɪməsli,adverb,"nhất trí, đồng thuận 100%","unanimously approved, unanimously agreed",unanimously = with complete agreement = by consensus,The shareholders <b style='color:#0284c7'>unanimously</b> approved the proposed merger with the technology firm.
The warranty provided with this server rack provides <span class='blank'>______</span> coverage for hardware defects.,Purchasing &amp; Warranty,comprehensive,ˌkɒmprɪˈhensɪv,adjective,"toàn diện, bao quát","comprehensive coverage, comprehensive training",comprehensive = complete = thorough = all-inclusive,The warranty provided with this server rack provides <b style='color:#0284c7'>comprehensive</b> coverage for hardware defects.
The project timeline shared yesterday is only <span class='blank'>______</span> and subject to change based on client feedback.,Project Management,tentative,ˈentətɪv,adjective,"dự kiến, thăm dò (chưa chốt)","tentative agreement, tentative schedule",tentative = provisional = subject to change,The project timeline shared yesterday is only <b style='color:#0284c7'>tentative</b> and subject to change based on client feedback.
The engineering department introduced a new ticketing system to <span class='blank'>______</span> cross-team collaboration.,Office Operations,facilitate,fəˈsɪlɪteɪt,verb,"tạo điều kiện thuận lợi, thúc đẩy","facilitate communication, facilitate growth",facilitate = ease = promote = make easier,The engineering department introduced a new ticketing system to <b style='color:#0284c7'>facilitate</b> cross-team collaboration.
The management agreed to <span class='blank'>______</span> additional budget funds to upgrade cloud infrastructure.,Finance &amp; IT,allocate,ˈæləkeɪt,verb,"phân bổ, chỉ định ngân sách/tài nguyên","allocate funds, allocate resources",allocate = assign = distribute = set aside,The management agreed to <b style='color:#0284c7'>allocate</b> additional budget funds to upgrade cloud infrastructure.
Your subscription to the enterprise cloud platform will <span class='blank'>______</span> at the end of this billing cycle.,Purchasing &amp; Contracts,expire,ɪkˈspaɪər,verb,"hết hạn, hết hiệu lực","expire at the end of, warranty expires",expire = terminate = end = lapse,Your subscription to the enterprise cloud platform will <b style='color:#0284c7'>expire</b> at the end of this billing cycle.
The hiring manager noted that Mr. Tran is an <span class='blank'>______</span> candidate with strong distributed systems expertise.,Human Resources,exceptional,ɪkˈsepʃənl,adjective,"xuất chúng, đặc biệt xuất sắc","exceptional candidate, exceptional performance",exceptional = outstanding = extraordinary,The hiring manager noted that Mr. Tran is an <b style='color:#0284c7'>exceptional</b> candidate with strong distributed systems expertise.
The logistics provider does not <span class='blank'>______</span> any delivery delays despite the adverse weather conditions.,Shipping &amp; Logistics,anticipate,ænˈtɪsɪpeɪt,verb,"lường trước, dự đoán","anticipate delays, anticipate growth",anticipate = expect = foresee = predict,The logistics provider does not <b style='color:#0284c7'>anticipate</b> any delivery delays despite the adverse weather conditions.
The security division will <span class='blank'>______</span> stricter authentication protocols across all production databases.,Technical &amp; IT,implement,ˈɪmplɪment,verb,"triển khai, thi hành","implement a policy, implement security measures",implement = execute = apply = put into practice,The security division will <b style='color:#0284c7'>implement</b> stricter authentication protocols across all production databases.
Please review the detailed flight <span class='blank'>______</span> sent by the travel agency before departing for Tokyo.,Travel &amp; Hospitality,itinerary,aɪˈtɪnərəri,noun,lịch trình chuyến đi,"travel itinerary, detailed itinerary",itinerary = travel plan = schedule,Please review the detailed flight <b style='color:#0284c7'>itinerary</b> sent by the travel agency before departing for Tokyo.
Attendance at tomorrow morning's orientation session is <span class='blank'>______</span> for all newly hired software engineers.,Human Resources,mandatory,ˈmændətəri,adjective,bắt buộc,"mandatory attendance, mandatory training",mandatory = compulsory = required = obligatory,Attendance at tomorrow morning's orientation session is <b style='color:#0284c7'>mandatory</b> for all newly hired software engineers.
Thank you for your <span class='blank'>______</span> response to our customer inquiry regarding service availability.,Customer Service,prompt,prɒmpt,adjective,"nhanh chóng, kịp thời","prompt response, prompt delivery",prompt = immediate = timely = quick,Thank you for your <b style='color:#0284c7'>prompt</b> response to our customer inquiry regarding service availability.
Quarterly net revenues increased <span class='blank'>______</span> following the launch of the new subscription model.,Finance &amp; Sales,substantially,səbˈstænʃəli,adverb,"đáng kể, rất nhiều","substantially increase, substantially higher",substantially = significantly = considerably,Quarterly net revenues increased <b style='color:#0284c7'>substantially</b> following the launch of the new subscription model.
The conference venue is fully equipped to <span class='blank'>______</span> up to 500 attendees with specialized accessibility needs.,Dining &amp; Hospitality,accommodate,əˈkɒmədeɪt,verb,"đáp ứng, chứa được, cung cấp chỗ","accommodate guests, accommodate requests",accommodate = serve = cater to = provide room for,The conference venue is fully equipped to <b style='color:#0284c7'>accommodate</b> up to 500 attendees with specialized accessibility needs.
All employee compensation records and personnel files must remain strictly <span class='blank'>______</span>.,Human Resources &amp; Legal,confidential,ˌkɒnfɪˈdenʃl,adjective,"bảo mật, tuyệt mật","strictly confidential, confidential information",confidential = secret = private = non-public,All employee compensation records and personnel files must remain strictly <b style='color:#0284c7'>confidential</b>.
The tech company reported a 15% increase in annual &lt;span class='blank'&gt;______&lt;/span&gt; driven by cloud software sales. (<span class='blank'>______</span>),Corporate &amp; Finance,revenue,ˈrevənjuː,noun,"doanh thu, tiền thu nhập của công ty","annual revenue, generate revenue, gross revenue",revenue = turnover = income = earnings,The tech company reported a 15% increase in annual &lt;span class='blank'&gt;______&lt;/span&gt; driven by cloud software sales.
The finance director introduced spending cuts to eliminate the operating budget &lt;span class='blank'&gt;______&lt;/span&gt;. (<span class='blank'>______</span>),Banking &amp; Accounting,deficit,ˈdefɪsɪt,noun,sự thâm hụt ngân sách,"budget deficit, trade deficit, reduce the deficit",deficit = shortfall = shortage,The finance director introduced spending cuts to eliminate the operating budget &lt;span class='blank'&gt;______&lt;/span&gt;.
The shareholders voted overwhelmingly in favor of the &lt;span class='blank'&gt;______&lt;/span&gt; between the two telecom providers. (<span class='blank'>______</span>),Corporate Operations,merger,ˈmɜːdʒər,noun,sự sáp nhập doanh nghiệp,"proposed merger, approve a merger, merger and acquisition",merger = amalgamation = consolidation,The shareholders voted overwhelmingly in favor of the &lt;span class='blank'&gt;______&lt;/span&gt; between the two telecom providers.
"Following the &lt;span class='blank'&gt;______&lt;/span&gt; of the startup, our engineering team expanded by thirty engineers. (<span class='blank'>______</span>)",Corporate Operations,acquisition,ˌækwɪˈzɪʃn,noun,"sự mua lại, thâu tóm công ty","corporate acquisition, complete the acquisition, recent acquisition",acquisition = takeover = buyout,"Following the &lt;span class='blank'&gt;______&lt;/span&gt; of the startup, our engineering team expanded by thirty engineers."
The marketing agency designed an aggressive campaign to &lt;span class='blank'&gt;______&lt;/span&gt; the newly developed mobile banking app. (<span class='blank'>______</span>),Marketing &amp; Advertising,promote,prəˈməʊt,verb,"thúc đẩy, quảng bá; thăng chức","promote a new product, promote brand awareness, promote an employee",promote = advertise = market = upgrade,The marketing agency designed an aggressive campaign to &lt;span class='blank'&gt;______&lt;/span&gt; the newly developed mobile banking app.
The social media marketing &lt;span class='blank'&gt;______&lt;/span&gt; generated over one million views in its first week. (<span class='blank'>______</span>),Marketing &amp; Advertising,campaign,kæmˈpeɪn,noun,"chiến dịch (quảng cáo, tiếp thị)","advertising campaign, launch a campaign, promotional campaign",campaign = drive = initiative = marketing effort,The social media marketing &lt;span class='blank'&gt;______&lt;/span&gt; generated over one million views in its first week.
Recent survey findings indicate a sharp shift in &lt;span class='blank'&gt;______&lt;/span&gt; preferences toward eco-friendly packaging. (<span class='blank'>______</span>),Marketing &amp; Advertising,consumer,kənˈsjuːmər,noun,người tiêu dùng,"consumer demand, consumer satisfaction, protect consumers",consumer = customer = buyer = purchaser,Recent survey findings indicate a sharp shift in &lt;span class='blank'&gt;______&lt;/span&gt; preferences toward eco-friendly packaging.
The promotional pricing strategy specifically seeks to &lt;span class='blank'&gt;______&lt;/span&gt; young software developers and tech startups. (<span class='blank'>______</span>),Marketing &amp; Advertising,target,ˈtɑːɡɪt,verb,nhắm mục tiêu vào nhóm đối tượng,"target an audience, target market, meet sales targets",target = aim at = focus on,The promotional pricing strategy specifically seeks to &lt;span class='blank'&gt;______&lt;/span&gt; young software developers and tech startups.
The tech giant is preparing to &lt;span class='blank'&gt;______&lt;/span&gt; its next-generation artificial intelligence platform next month. (<span class='blank'>______</span>),Marketing &amp; Advertising,launch,lɔːntʃ,verb,"khởi động, ra mắt sản phẩm mới","launch a product, official launch, launch a website",launch = introduce = release = roll out,The tech giant is preparing to &lt;span class='blank'&gt;______&lt;/span&gt; its next-generation artificial intelligence platform next month.
"Due to disciplined cost controls, the logistics division finished the fiscal year with a considerable cash &lt;span class='blank'&gt;______&lt;/span&gt;. (<span class='blank'>______</span>)",Banking &amp; Accounting,surplus,ˈsɜːpləs,noun,"khoản thặng dư, dôi dư","budget surplus, trade surplus, surplus inventory",surplus = excess = extra amount,"Due to disciplined cost controls, the logistics division finished the fiscal year with a considerable cash &lt;span class='blank'&gt;______&lt;/span&gt;."
The board resolved to distribute a quarterly cash &lt;span class='blank'&gt;______&lt;/span&gt; of fifty cents per common share. (<span class='blank'>______</span>),Banking &amp; Accounting,dividend,ˈdɪvɪdend,noun,cổ tức chi trả cho cổ đông,"quarterly dividend, pay dividends, increase dividend payouts",dividend = shareholder distribution = share payout,The board resolved to distribute a quarterly cash &lt;span class='blank'&gt;______&lt;/span&gt; of fifty cents per common share.
"In order to remain competitive, management decided to &lt;span class='blank'&gt;______&lt;/span&gt; the product engineering divisions. (<span class='blank'>______</span>)",Corporate Operations,restructure,ˌriːˈstrʌktʃər,verb,tái cấu trúc lại tổ chức hoặc nợ,"restructure the organization, restructure debt, corporate restructuring",restructure = reorganize = streamline,"In order to remain competitive, management decided to &lt;span class='blank'&gt;______&lt;/span&gt; the product engineering divisions."
The executive committee will &lt;span class='blank'&gt;______&lt;/span&gt; an acting department head during Mr. Adams' absence. (<span class='blank'>______</span>),Personnel &amp; Training,designate,ˈdezɪɡneɪt,verb,"chỉ định, bổ nhiệm vào vị trí","designate a representative, designated parking area, officially designate",designate = appoint = assign = name,The executive committee will &lt;span class='blank'&gt;______&lt;/span&gt; an acting department head during Mr. Adams' absence.
Our primary customer support objective is the prompt &lt;span class='blank'&gt;______&lt;/span&gt; of all client billing complaints. (<span class='blank'>______</span>),Customer Relations,resolution,ˌrezəˈluːʃn,noun,"biện pháp giải quyết vấn đề, nghị quyết","dispute resolution, swift resolution, board resolution",resolution = settlement = solution = decision,Our primary customer support objective is the prompt &lt;span class='blank'&gt;______&lt;/span&gt; of all client billing complaints.
High client &lt;span class='blank'&gt;______&lt;/span&gt; scores contributed directly to our contract renewal rate reaching 95 percent. (<span class='blank'>______</span>),Customer Relations,satisfaction,ˌsætɪsˈfækʃn,noun,"sự hài lòng, thỏa mãn của khách hàng","customer satisfaction, guarantee satisfaction, express satisfaction",satisfaction = contentment = approval,High client &lt;span class='blank'&gt;______&lt;/span&gt; scores contributed directly to our contract renewal rate reaching 95 percent.
Please retain your sales receipt to validate the one-year manufacturer &lt;span class='blank'&gt;______&lt;/span&gt; on this monitor. (<span class='blank'>______</span>),Purchasing &amp; Warranty,warranty,ˈwɒrənti,noun,"phiếu bảo hành, cam kết bảo hành","under warranty, extended warranty, warranty period",warranty = guarantee = guarantee certificate,Please retain your sales receipt to validate the one-year manufacturer &lt;span class='blank'&gt;______&lt;/span&gt; on this monitor.
Customers returning unopened merchandise within 14 days will receive a full &lt;span class='blank'&gt;______&lt;/span&gt; to their credit card. (<span class='blank'>______</span>),Customer Relations,refund,ˈriːfʌnd,noun,tiền hoàn trả lại,"full refund, issue a refund, request a refund",refund = repayment = reimbursement,Customers returning unopened merchandise within 14 days will receive a full &lt;span class='blank'&gt;______&lt;/span&gt; to their credit card.
We genuinely appreciate your valuable &lt;span class='blank'&gt;______&lt;/span&gt; as it helps us enhance our API performance. (<span class='blank'>______</span>),Customer Relations,feedback,ˈfiːdbæk,noun,"ý kiến đóng góp, phản hồi","customer feedback, constructive feedback, solicit feedback",feedback = comments = input = reviews,We genuinely appreciate your valuable &lt;span class='blank'&gt;______&lt;/span&gt; as it helps us enhance our API performance.
All staff members must adhere strictly to the established emergency evacuation &lt;span class='blank'&gt;______&lt;/span&gt;. (<span class='blank'>______</span>),Office &amp; Administration,procedure,prəˈsiːdʒər,noun,"thủ tục, quy trình thực hiện","standard operating procedure, safety procedure, follow procedures",procedure = process = method = steps,All staff members must adhere strictly to the established emergency evacuation &lt;span class='blank'&gt;______&lt;/span&gt;.
The infrastructure team updated the network security &lt;span class='blank'&gt;______&lt;/span&gt; to prevent unauthorized remote logins. (<span class='blank'>______</span>),Technical &amp; IT,protocol,ˈprəʊtəkɒl,noun,"giao thức, nghi thức làm việc","security protocol, communication protocol, follow protocol",protocol = rules = standard convention = code,The infrastructure team updated the network security &lt;span class='blank'&gt;______&lt;/span&gt; to prevent unauthorized remote logins.
The administrative department will &lt;span class='blank'&gt;______&lt;/span&gt; all past project contracts onto secure cloud servers. (<span class='blank'>______</span>),Office &amp; Administration,archive,ˈɑːkaɪv,verb,lưu trữ vào kho hồ sơ,"archive records, digitally archive, archival storage",archive = store = file away = keep in records,The administrative department will &lt;span class='blank'&gt;______&lt;/span&gt; all past project contracts onto secure cloud servers.
Failing to deliver source code on the agreed date constitutes a direct &lt;span class='blank'&gt;______&lt;/span&gt; of contract. (<span class='blank'>______</span>),Legal &amp; Contracts,breach,briːtʃ,noun,hành vi vi phạm hợp đồng hoặc an ninh,"breach of contract, security breach, commit a breach",breach = violation = infraction = non-compliance,Failing to deliver source code on the agreed date constitutes a direct &lt;span class='blank'&gt;______&lt;/span&gt; of contract.
"Once signed by authorized representatives of both parties, the agreement becomes legally &lt;span class='blank'&gt;______&lt;/span&gt;. (<span class='blank'>______</span>)",Legal &amp; Contracts,binding,ˈbaɪndɪŋ,adjective,có tính ràng buộc về mặt pháp lý,"legally binding agreement, binding contract, binding decision",binding = mandatory = enforceable = obligating,"Once signed by authorized representatives of both parties, the agreement becomes legally &lt;span class='blank'&gt;______&lt;/span&gt;."
Either party reserves the legal right to &lt;span class='blank'&gt;______&lt;/span&gt; the contract with thirty days written notice. (<span class='blank'>______</span>),Legal &amp; Contracts,terminate,ˈtɜːmɪneɪt,verb,"chấm dứt hiệu lực (hợp đồng, việc làm)","terminate an agreement, terminate employment, terminate prematurely",terminate = end = cancel = discontinue,Either party reserves the legal right to &lt;span class='blank'&gt;______&lt;/span&gt; the contract with thirty days written notice.
Please review Section 4 to verify the non-compete &lt;span class='blank'&gt;______&lt;/span&gt; before signing the employment contract. (<span class='blank'>______</span>),Legal &amp; Contracts,clause,klɔːz,noun,điều khoản trong văn bản hợp đồng,"confidentiality clause, penalty clause, include a clause",clause = provision = stipulation = article,Please review Section 4 to verify the non-compete &lt;span class='blank'&gt;______&lt;/span&gt; before signing the employment contract.
Both companies agreed to hire an independent mediator to resolve their ongoing intellectual property &lt;span class='blank'&gt;______&lt;/span&gt;. (<span class='blank'>______</span>),Legal &amp; Contracts,dispute,dɪˈspjuːt,noun,"sự bất đồng, tranh chấp","settle a dispute, labor dispute, contractual dispute",dispute = conflict = disagreement = controversy,Both companies agreed to hire an independent mediator to resolve their ongoing intellectual property &lt;span class='blank'&gt;______&lt;/span&gt;.
"Due to soaring container shipping rates, international &lt;span class='blank'&gt;______&lt;/span&gt; charges rose sharply this quarter. (<span class='blank'>______</span>)",Shipping &amp; Logistics,freight,freɪt,noun,hàng hóa chuyên chở bằng đường biển/hàng không,"freight charges, air freight, freight forwarder",freight = cargo = shipment = goods,"Due to soaring container shipping rates, international &lt;span class='blank'&gt;______&lt;/span&gt; charges rose sharply this quarter."
All incoming electrical components are temporarily stored at the central distribution &lt;span class='blank'&gt;______&lt;/span&gt;. (<span class='blank'>______</span>),Shipping &amp; Logistics,warehouse,ˈweəhaʊs,noun,kho bãi chứa hàng,"central warehouse, warehouse inventory, store in a warehouse",warehouse = storage facility = depot,All incoming electrical components are temporarily stored at the central distribution &lt;span class='blank'&gt;______&lt;/span&gt;.
Our logistics operations team will &lt;span class='blank'&gt;______&lt;/span&gt; your hardware package within twenty-four hours of payment. (<span class='blank'>______</span>),Shipping &amp; Logistics,dispatch,dɪˈspætʃ,verb,"gửi đi, điều phối đơn hàng","dispatch an order, dispatch technicians, prompt dispatch",dispatch = send out = ship = transmit,Our logistics operations team will &lt;span class='blank'&gt;______&lt;/span&gt; your hardware package within twenty-four hours of payment.
Year-end salary increments are determined strictly based on the annual performance &lt;span class='blank'&gt;______&lt;/span&gt;. (<span class='blank'>______</span>),Personnel &amp; Training,appraisal,əˈpreɪzl,noun,sự đánh giá hiệu suất công việc,"performance appraisal, annual appraisal, employee appraisal",appraisal = evaluation = assessment = review,Year-end salary increments are determined strictly based on the annual performance &lt;span class='blank'&gt;______&lt;/span&gt;.
Every junior backend engineer is assigned an experienced senior architect to serve as their professional &lt;span class='blank'&gt;______&lt;/span&gt;. (<span class='blank'>______</span>),Personnel &amp; Training,mentor,ˈmentɔːr,noun,"người hướng dẫn, cố vấn nghề nghiệp","assigned mentor, mentor program, career mentor",mentor = adviser = coach = guide,Every junior backend engineer is assigned an experienced senior architect to serve as their professional &lt;span class='blank'&gt;______&lt;/span&gt;.
Human resources introduced hybrid work policies in an effort to curb high developer &lt;span class='blank'&gt;______&lt;/span&gt;. (<span class='blank'>______</span>),Personnel &amp; Training,turnover,ˈtɜːnəʊvər,noun,tỷ lệ luân chuyển nhân sự; doanh số,"high staff turnover, reduce turnover, employee turnover rate",turnover = staff attrition = churn rate,Human resources introduced hybrid work policies in an effort to curb high developer &lt;span class='blank'&gt;______&lt;/span&gt;.
Candidates must possess relevant engineering &lt;span class='blank'&gt;______&lt;/span&gt; and at least three years of microservices experience. (<span class='blank'>______</span>),Personnel &amp; Training,qualification,ˌkwɒlɪfɪˈkeɪʃn,noun,"văn bằng, năng lực chuyên môn đạt chuẩn","professional qualification, minimum qualifications, possess qualifications",qualification = credential = certification = capability,Candidates must possess relevant engineering &lt;span class='blank'&gt;______&lt;/span&gt; and at least three years of microservices experience.
The chief financial officer chose to &lt;span class='blank'&gt;______&lt;/span&gt; in order to pursue personal entrepreneurial ventures. (<span class='blank'>______</span>),Personnel &amp; Training,resign,rɪˈzaɪn,verb,"từ chức, xin nghỉ việc","resign from one's position, tender resignation, decide to resign",resign = step down = leave one's post = quit,The chief financial officer chose to &lt;span class='blank'&gt;______&lt;/span&gt; in order to pursue personal entrepreneurial ventures.
"After weeks of intense &lt;span class='blank'&gt;______&lt;/span&gt;, the vendor agreed to lower server rack maintenance fees by 10%. (<span class='blank'>______</span>)",Corporate &amp; Finance,negotiation,nɪˌɡəʊʃiˈeɪʃn,noun,"cuộc đàm phán, thương lượng hợp đồng","contract negotiation, enter negotiations, successful negotiation",negotiation = discussions = talks = bargaining,"After weeks of intense &lt;span class='blank'&gt;______&lt;/span&gt;, the vendor agreed to lower server rack maintenance fees by 10%."
Please verify that the total figure on the supplier's &lt;span class='blank'&gt;______&lt;/span&gt; matches the approved purchase order. (<span class='blank'>______</span>),Banking &amp; Accounting,invoice,ˈɪnvɔɪs,noun,hóa đơn thanh toán,"issue an invoice, pay an invoice, itemized invoice",invoice = bill = payment request = receipt,Please verify that the total figure on the supplier's &lt;span class='blank'&gt;______&lt;/span&gt; matches the approved purchase order.
The IT director proposed to &lt;span class='blank'&gt;______&lt;/span&gt; the legacy authentication system before the product launch. (<span class='blank'>______</span>),Technical &amp; IT,overhaul,ˈəʊvəhɔːl,verb,"đại tu, kiểm tra và nâng cấp toàn bộ","major overhaul, overhaul the system, complete overhaul",overhaul = renovate = revamp = reconstruct,The IT director proposed to &lt;span class='blank'&gt;______&lt;/span&gt; the legacy authentication system before the product launch.
Only authorized security &lt;span class='blank'&gt;______&lt;/span&gt; are permitted to enter the main datacenter server room. (<span class='blank'>______</span>),Human Resources,personnel,ˌpɜːsəˈnel,noun,"toàn thể nhân viên, nhân sự","personnel department, trained personnel, key personnel",personnel = staff = employees = workforce,Only authorized security &lt;span class='blank'&gt;______&lt;/span&gt; are permitted to enter the main datacenter server room.
The engineering team posted an urgent &lt;span class='blank'&gt;______&lt;/span&gt; for a senior distributed systems architect. (<span class='blank'>______</span>),Human Resources,vacancy,ˈveɪkənsi,noun,vị trí tuyển dụng còn trống; phòng trống,"job vacancy, fill a vacancy, current vacancies",vacancy = opening = job position = available slot,The engineering team posted an urgent &lt;span class='blank'&gt;______&lt;/span&gt; for a senior distributed systems architect.
The sales team will host an online demonstration tomorrow for several &lt;span class='blank'&gt;______&lt;/span&gt; enterprise clients. (<span class='blank'>______</span>),Marketing &amp; Sales,prospective,prəˈspektɪv,adjective,"tiềm năng, có triển vọng trong tương lai","prospective client, prospective buyer, prospective employee",prospective = potential = future = expected,The sales team will host an online demonstration tomorrow for several &lt;span class='blank'&gt;______&lt;/span&gt; enterprise clients.
Both parties agreed to <span class='blank'>______</span> the terms set forth in the finalized employment contract.,Contracts &amp; Agreements,abide by,əˈbaɪd baɪ,verb,"tuân theo, tôn trọng thỏa thuận/quy tắc","abide by the contract, abide by the rules, abide by the decision",abide by = comply with = conform to = follow,Both parties agreed to <b style='color:#0284c7'>abide by</b> the terms set forth in the finalized employment contract.
The sales representative gave us full <span class='blank'>______</span> that all server components would arrive before Friday.,Contracts &amp; Agreements,assurance,əˈʃʊərəns,noun,"sự cam đoan, lời bảo đảm chắc chắn","give an assurance, quality assurance, verbal assurance",assurance = guarantee = pledge = promise,The sales representative gave us full <b style='color:#0284c7'>assurance</b> that all server components would arrive before Friday.
Please review the hotel's <span class='blank'>______</span> policy carefully to avoid any late penalty fees.,Contracts &amp; Agreements,cancellation,ˌkænsəˈleɪʃn,noun,"sự hủy bỏ, chấm dứt hợp đồng/đơn hàng","cancellation policy, cancellation fee, notice of cancellation",cancellation = annulment = revocation = call-off,Please review the hotel's <b style='color:#0284c7'>cancellation</b> policy carefully to avoid any late penalty fees.
The nondisclosure agreement <span class='blank'>______</span> all contractors to maintain absolute confidentiality regarding proprietary code.,Contracts &amp; Agreements,obligate,ˈɒblɪɡeɪt,verb,"bắt buộc, ràng buộc nghĩa vụ pháp lý","obligate someone to do, legally obligated, feel obligated",obligate = bind = compel = require,The nondisclosure agreement <b style='color:#0284c7'>obligates</b> all contractors to maintain absolute confidentiality regarding proprietary code.
"Under the <span class='blank'>______</span> of the lease agreement, the tenant is responsible for minor office repairs.",Contracts &amp; Agreements,provision,prəˈvɪʒn,noun,điều khoản quy định trong hợp đồng,"contract provision, security provision, make provision for",provision = clause = term = condition = stipulation,"Under the <b style='color:#0284c7'>provisions</b> of the lease agreement, the tenant is responsible for minor office repairs."
The management team met yesterday to <span class='blank'>______</span> the billing discrepancy reported by our enterprise client.,Contracts &amp; Agreements,resolve,rɪˈzɒlv,verb,"giải quyết, xử lý dứt điểm (tranh chấp/lỗi)","resolve a dispute, resolve an issue, resolve peacefully",resolve = settle = solve = clear up,The management team met yesterday to <b style='color:#0284c7'>resolve</b> the billing discrepancy reported by our enterprise client.
The service level agreement <span class='blank'>______</span> that system maintenance must only be performed outside business hours.,Contracts &amp; Agreements,stipulate,ˈstɪpjuleɪt,verb,"quy định rõ, đặt điều kiện bắt buộc","stipulate that, as stipulated in the contract, expressly stipulate",stipulate = specify = state clearly = require,The service level agreement <b style='color:#0284c7'>stipulates</b> that system maintenance must only be performed outside business hours.
The procurement director is scheduled to <span class='blank'>______</span> licensing rates with the cloud provider next week.,Contracts &amp; Agreements,negotiate,nɪˈɡəʊʃieɪt,verb,"đàm phán, thương lượng các điều khoản","negotiate a contract, negotiate terms, successfully negotiate",negotiate = bargain = discuss terms = mediate,The procurement director is scheduled to <b style='color:#0284c7'>negotiate</b> licensing rates with the cloud provider next week.
The contract was dissolved yesterday by <span class='blank'>______</span> consent after unforeseen regulatory changes occurred.,Contracts &amp; Agreements,mutual,ˈmjuːtʃuəl,adjective,"chung, tương hỗ, cùng có lợi giữa đôi bên","mutual agreement, mutual consent, mutual benefit",mutual = reciprocal = shared = joint,The contract was dissolved yesterday by <b style='color:#0284c7'>mutual</b> consent after unforeseen regulatory changes occurred.
The manufacturer cannot be held <span class='blank'>______</span> for system downtime caused by unapproved third-party modifications.,Contracts &amp; Agreements,liable,ˈlaɪəbl,adjective,"chịu trách nhiệm pháp lý, có nghĩa vụ bồi thường","held liable, liable for damages, legally liable",liable = responsible = accountable = answerable,The manufacturer cannot be held <b style='color:#0284c7'>liable</b> for system downtime caused by unapproved third-party modifications.
Please verify that the authorized <span class='blank'>______</span> of the client company has stamped every page of the agreement.,Contracts &amp; Agreements,signatory,ˈsɪɡnətəri,noun,người đại diện ký kết hợp đồng,"authorized signatory, joint signatories, treaty signatory",signatory = endorser = signing party,Please verify that the authorized <b style='color:#0284c7'>signatory</b> of the client company has stamped every page of the agreement.
Corporate IT intends to <span class='blank'>______</span> multi-factor authentication across all regional branch offices starting next month.,Contracts &amp; Agreements,enforce,ɪnˈfɔːs,verb,"thực thi, bắt buộc tuân theo (luật lệ/hợp đồng)","enforce regulations, enforce a policy, strictly enforce",enforce = implement = apply = impose,Corporate IT intends to <b style='color:#0284c7'>enforce</b> multi-factor authentication across all regional branch offices starting next month.
An <span class='blank'>______</span> was added to the original vendor contract to reflect the expanded scope of microservices work.,Contracts &amp; Agreements,amendment,əˈmendmənt,noun,"sự sửa đổi, bổ sung điều khoản","contract amendment, proposed amendment, pass an amendment",amendment = modification = revision = alteration,An <b style='color:#0284c7'>amendment</b> was added to the original vendor contract to reflect the expanded scope of microservices work.
"After three rounds of discussions, both firms reached an acceptable <span class='blank'>______</span> regarding delivery schedules.",Contracts &amp; Agreements,compromise,ˈkɒmprəmaɪz,noun,"sự thỏa hiệp, nhượng bộ lẫn nhau","reach a compromise, make a compromise, acceptable compromise",compromise = middle ground = concession = consensus,"After three rounds of discussions, both firms reached an acceptable <b style='color:#0284c7'>compromise</b> regarding delivery schedules."
Our engineering staff worked overtime over the weekend to <span class='blank'>______</span> all deliverables before the quarterly deadline.,Contracts &amp; Agreements,fulfill,fʊlˈfɪl,verb,"hoàn thành, đáp ứng trọn vẹn nghĩa vụ/yêu cầu","fulfill obligations, fulfill requirements, fulfill orders",fulfill = satisfy = meet = carry out = accomplish,Our engineering staff worked overtime over the weekend to <b style='color:#0284c7'>fulfill</b> all deliverables before the quarterly deadline.
The targeted social media campaign was designed to <span class='blank'>______</span> young software developers to our hiring drive.,Marketing &amp; Sales,attract,əˈtrækt,verb,"thu hút, lôi cuốn khách hàng/sự chú ý","attract customers, attract investors, attract talent",attract = draw = appeal to = entice,The targeted social media campaign was designed to <b style='color:#0284c7'>attract</b> young software developers to our hiring drive.
"Despite intense <span class='blank'>______</span> in the cloud storage sector, our subscription base grew by twenty percent.",Marketing &amp; Sales,competition,ˌkɒmpəˈtɪʃn,noun,"sự cạnh tranh, đối thủ trên thương trường","stiff competition, face competition, beat the competition",competition = rivalry = opponents = competitors,"Despite intense <b style='color:#0284c7'>competition</b> in the cloud storage sector, our subscription base grew by twenty percent."
Newer algorithmic models <span class='blank'>______</span> significantly less battery power on portable mobile devices.,Marketing &amp; Sales,consume,kənˈsjuːm,verb,"tiêu thụ, sử dụng sản phẩm/năng lượng","consume time, consume resources, consume energy",consume = use up = utilize = absorb,Newer algorithmic models <b style='color:#0284c7'>consume</b> significantly less battery power on portable mobile devices.
The product architect managed to <span class='blank'>______</span> the client executive that automated testing saves long-term budget.,Marketing &amp; Sales,convince,kənˈvɪns,verb,thuyết phục khách hàng tin tưởng/mua hàng,"convince someone to, convince clients, convincing demonstration",convince = persuade = sway = assure,The product architect managed to <b style='color:#0284c7'>convince</b> the client executive that automated testing saves long-term budget.
Effective marketing copywriting relies on subtle psychological <span class='blank'>______</span> rather than aggressive sales tactics.,Marketing &amp; Sales,persuasion,pəˈsweɪʒn,noun,"khả năng thuyết phục, sự vận động","powers of persuasion, gentle persuasion, art of persuasion",persuasion = inducement = coaxing,Effective marketing copywriting relies on subtle psychological <b style='color:#0284c7'>persuasion</b> rather than aggressive sales tactics.
Our market research revealed that working professionals aged 25 to 35 represent our primary user <span class='blank'>______</span>.,Marketing &amp; Sales,demographic,ˌdeməˈɡræfɪk,noun,"nhóm nhân khẩu học, đối tượng khách hàng mục tiêu","target demographic, demographic data, younger demographic",demographic = population segment = target audience,Our market research revealed that working professionals aged 25 to 35 represent our primary user <b style='color:#0284c7'>demographic</b>.
Several prominent tech industry leaders officially <span class='blank'>______</span> the new open-source database framework.,Marketing &amp; Sales,endorse,ɪnˈdɔːs,verb,"chứng thực, ủng hộ hoặc đại diện quảng cáo","endorse a product, publicly endorse, celebrity endorsement",endorse = recommend = back = approve = support,Several prominent tech industry leaders officially <b style='color:#0284c7'>endorsed</b> the new open-source database framework.
Visitors to our trade expo booth were handed an informative <span class='blank'>______</span> outlining our SaaS subscription tiers.,Marketing &amp; Sales,brochure,ˈbrəʊʃər,noun,tập gấp quảng cáo giới thiệu dịch vụ,"informational brochure, travel brochure, distribute brochures",brochure = pamphlet = booklet = flyer,Visitors to our trade expo booth were handed an informative <b style='color:#0284c7'>brochure</b> outlining our SaaS subscription tiers.
The boutique consultancy caters primarily to an international <span class='blank'>______</span> in the manufacturing sector.,Marketing &amp; Sales,clientele,ˌkliːənˈtel,noun,"tập khách hàng quen, nhóm đối tác thân thiết","wealthy clientele, corporate clientele, loyal clientele",clientele = customer base = clients = patrons,The boutique consultancy caters primarily to an international <b style='color:#0284c7'>clientele</b> in the manufacturing sector.
"By focusing on specialized cryptographic security tools, the company established a dominant <span class='blank'>______</span> market.",Marketing &amp; Sales,niche,niːʃ,noun,thị trường ngách chuyên biệt,"niche market, carve out a niche, niche product",niche = specialized segment = targeted corner,"By focusing on specialized cryptographic security tools, the company established a dominant <b style='color:#0284c7'>niche</b> market."
The annual developer conference provides an ideal platform to <span class='blank'>______</span> innovative generative AI integrations.,Marketing &amp; Sales,showcase,ˈʃəʊkeɪs,verb,"trưng bày, phô diễn ưu điểm sản phẩm","showcase talent, showcase features, showcase at an expo",showcase = display = exhibit = present = highlight,The annual developer conference provides an ideal platform to <b style='color:#0284c7'>showcase</b> innovative generative AI integrations.
The company reduced its cloud subscription pricing to remain competitive against its foreign <span class='blank'>______</span>.,Marketing &amp; Sales,rival,ˈraɪvl,noun,đối thủ cạnh tranh trực tiếp,"chief rival, commercial rival, outsmart rivals",rival = competitor = adversary = contender,The company reduced its cloud subscription pricing to remain competitive against its foreign <b style='color:#0284c7'>rivals</b>.
All laptop computers purchased directly from our official store come with a three-year hardware <span class='blank'>______</span>.,Warranties &amp; Consumer Rights,guarantee,ˌɡærənˈtiː,noun,"sự bảo hành, cam đoan chất lượng","money-back guarantee, under guarantee, written guarantee",guarantee = warranty = pledge = assurance,All laptop computers purchased directly from our official store come with a three-year hardware <b style='color:#0284c7'>guarantee</b>.
"If the mechanical keyboard fails to operate due to a manufacturing <span class='blank'>______</span>, it will be replaced free of charge.",Warranties &amp; Consumer Rights,defect,ˈdiːfekt,noun,"nhược điểm, lỗi hỏng hóc kỹ thuật do sản xuất","manufacturing defect, hardware defect, minor defect",defect = flaw = imperfection = fault = blemish,"If the mechanical keyboard fails to operate due to a manufacturing <b style='color:#0284c7'>defect</b>, it will be replaced free of charge."
Our automated conveyor system began to <span class='blank'>______</span> after power fluctuations damaged its primary control circuit.,Warranties &amp; Consumer Rights,malfunction,ˌmælˈfʌŋkʃn,verb,"gặp sự cố, trục trặc không hoạt động đúng","system malfunction, machine malfunctions, equipment malfunction",malfunction = break down = fail = go wrong,Our automated conveyor system began to <b style='color:#0284c7'>malfunction</b> after power fluctuations damaged its primary control circuit.
Accidental damage caused by liquid spills is unfortunately not included under standard warranty <span class='blank'>______</span>.,Warranties &amp; Consumer Rights,coverage,ˈkʌvərɪdʒ,noun,phạm vi bảo hiểm / bảo hành được chi trả,"warranty coverage, insurance coverage, comprehensive coverage",coverage = protection = scope = insurance,Accidental damage caused by liquid spills is unfortunately not included under standard warranty <b style='color:#0284c7'>coverage</b>.
Customer service promptly dispatched an identical <span class='blank'>______</span> unit after receiving the damaged tablet.,Warranties &amp; Consumer Rights,replacement,rɪˈpleɪsmənt,noun,sản phẩm/bộ phận thay thế,"replacement part, free replacement, send a replacement",replacement = substitute = surrogate = spare part,Customer service promptly dispatched an identical <b style='color:#0284c7'>replacement</b> unit after receiving the damaged tablet.
Please retain your original sales invoice as the warranty claim is only <span class='blank'>______</span> when accompanied by proof of purchase.,Warranties &amp; Consumer Rights,valid,ˈvælɪd,adjective,"hợp lệ, còn hiệu lực pháp lý/thời hạn","valid receipt, remain valid, valid warranty",valid = in effect = legitimate = legally acceptable,Please retain your original sales invoice as the warranty claim is only <b style='color:#0284c7'>valid</b> when accompanied by proof of purchase.
Opening the sealed chassis without authorization from a certified technician will immediately <span class='blank'>______</span> your warranty.,Warranties &amp; Consumer Rights,void,vɔɪd,verb,"làm mất hiệu lực, hủy bỏ tính pháp lý","void the warranty, rendered void, null and void",void = invalidate = cancel = nullify,Opening the sealed chassis without authorization from a certified technician will immediately <b style='color:#0284c7'>void</b> your warranty.
The software license agreement contains an explicit <span class='blank'>______</span> regarding indirect commercial data losses.,Warranties &amp; Consumer Rights,disclaimer,dɪsˈkleɪmər,noun,"sự khước từ trách nhiệm, tuyên bố miễn trừ","warranty disclaimer, legal disclaimer, read the disclaimer",disclaimer = waiver = denial of liability,The software license agreement contains an explicit <b style='color:#0284c7'>disclaimer</b> regarding indirect commercial data losses.
The field engineering crew acted swiftly to <span class='blank'>______</span> the hardware flaw discovered during internal testing.,Warranties &amp; Consumer Rights,rectify,ˈrektɪfaɪ,verb,"sửa chữa, khắc phục (lỗi lầm, khiếm khuyết)","rectify an error, rectify the situation, rectify defects",rectify = correct = fix = remedy = repair,The field engineering crew acted swiftly to <b style='color:#0284c7'>rectify</b> the hardware flaw discovered during internal testing.
Senior financial analysts <span class='blank'>______</span> strong revenue acceleration throughout the upcoming fiscal quarter.,Business Planning &amp; Strategy,forecast,ˈfɔːkɑːst,verb,dự báo xu hướng tài chính/thị trường,"forecast demand, financial forecast, sales forecast",forecast = predict = project = estimate,Senior financial analysts <b style='color:#0284c7'>forecast</b> strong revenue acceleration throughout the upcoming fiscal quarter.
The board commissioned an independent engineering team to conduct a <span class='blank'>______</span> study on solar installation.,Business Planning &amp; Strategy,feasibility,ˌfiːzəˈbɪləti,noun,"tính khả thi, khả năng thực hiện thành công","feasibility study, economic feasibility, technical feasibility",feasibility = practicality = viability = plausibility,The board commissioned an independent engineering team to conduct a <b style='color:#0284c7'>feasibility</b> study on solar installation.
Every critical datacenter must have a robust <span class='blank'>______</span> plan in case of catastrophic power grid failure.,Business Planning &amp; Strategy,contingency,kənˈtɪndʒənsi,noun,kế hoạch dự phòng cho sự cố bất ngờ,"contingency plan, prepare for contingencies, contingency fund",contingency = backup plan = emergency measure,Every critical datacenter must have a robust <b style='color:#0284c7'>contingency</b> plan in case of catastrophic power grid failure.
"In agile software engineering sprints, developers <span class='blank'>______</span> resolving high-severity production defects.",Business Planning &amp; Strategy,prioritize,praɪˈɒrətaɪz,verb,ưu tiên giải quyết nhiệm vụ quan trọng trước,"prioritize tasks, prioritize spending, high priority",prioritize = rank first = give precedence to,"In agile software engineering sprints, developers <b style='color:#0284c7'>prioritize</b> resolving high-severity production defects."
Our customer retention metrics now serve as an operational <span class='blank'>______</span> for competing enterprise SaaS firms.,Business Planning &amp; Strategy,benchmark,ˈbentʃmɑːk,noun,tiêu chuẩn đối sánh chuẩn mực ngành,"industry benchmark, set a benchmark, benchmark test",benchmark = standard = yardstick = criterion = baseline,Our customer retention metrics now serve as an operational <b style='color:#0284c7'>benchmark</b> for competing enterprise SaaS firms.
The executive board introduced a new wellness <span class='blank'>______</span> to enhance employee engagement and productivity.,Business Planning &amp; Strategy,initiative,ɪˈnɪʃətɪv,noun,"sáng kiến, kế hoạch chiến lược mới","green initiative, take the initiative, strategic initiative",initiative = plan = enterprise = strategic venture,The executive board introduced a new wellness <b style='color:#0284c7'>initiative</b> to enhance employee engagement and productivity.
A senior engineering director was assigned to <span class='blank'>______</span> the migration of databases to Kubernetes clusters.,Business Planning &amp; Strategy,oversee,ˌəʊvəˈsiː,verb,"giám sát, trông nom tiến độ dự án","oversee operations, oversee a project, oversee construction",oversee = supervise = manage = inspect = direct,A senior engineering director was assigned to <b style='color:#0284c7'>oversee</b> the migration of databases to Kubernetes clusters.
"By automating invoice reconciliation, the accounting department managed to <span class='blank'>______</span> month-end closing.",Business Planning &amp; Strategy,streamline,ˈstriːmlaɪn,verb,"tinh gọn hóa, tối giản hóa quy trình","streamline operations, streamline procedures, streamline workflow",streamline = simplify = optimize = make efficient,"By automating invoice reconciliation, the accounting department managed to <b style='color:#0284c7'>streamline</b> month-end closing."
The tech giant formed a strategic joint <span class='blank'>______</span> with an automotive firm to develop autonomous electric vehicles.,Business Planning &amp; Strategy,venture,ˈventʃər,noun,"dự án kinh doanh mạo hiểm, liên doanh","joint venture, commercial venture, venture capital",venture = undertaking = enterprise = endeavor,The tech giant formed a strategic joint <b style='color:#0284c7'>venture</b> with an automotive firm to develop autonomous electric vehicles.
The administrative coordinator made all necessary hotel <span class='blank'>______</span> for our visiting European delegates.,Conferences &amp; Events,arrangement,əˈreɪndʒmənt,noun,"sự thu xếp, sắp đặt kế hoạch tổ chức","make arrangements, travel arrangements, seating arrangements",arrangement = preparation = planning = setup,The administrative coordinator made all necessary hotel <b style='color:#0284c7'>arrangements</b> for our visiting European delegates.
Participants are encouraged to <span class='blank'>______</span> online before the early-bird discount expires this Friday.,Conferences &amp; Events,register,ˈredʒɪstər,verb,đăng ký tham dự hội thảo/sự kiện,"register online, register for a conference, registration deadline",register = sign up = enroll = enter,Participants are encouraged to <b style='color:#0284c7'>register</b> online before the early-bird discount expires this Friday.
The afternoon technical <span class='blank'>______</span> will focus on best practices for designing distributed resilient backend APIs.,Conferences &amp; Events,session,ˈseʃn,noun,"phiên họp, buổi hội thảo chuyên đề","breakout session, plenary session, training session",session = meeting = workshop = period,The afternoon technical <b style='color:#0284c7'>session</b> will focus on best practices for designing distributed resilient backend APIs.
The company's chief technology officer delivered an inspiring <span class='blank'>______</span> address on sustainable cloud computing.,Conferences &amp; Events,keynote,ˈkiːnəʊt,noun,"bài phát biểu khai mạc, bài diễn thuyết chủ đạo","keynote address, keynote speaker, deliver a keynote",keynote = main speech = opening address,The company's chief technology officer delivered an inspiring <b style='color:#0284c7'>keynote</b> address on sustainable cloud computing.
The annual corporate awards <span class='blank'>______</span> will be held in the grand ballroom of the Grand Hyatt hotel.,Conferences &amp; Events,banquet,ˈbæŋkwɪt,noun,bữa tiệc lớn chiêu đãi khách quý,"annual banquet, awards banquet, banquet hall",banquet = formal dinner = feast = gala,The annual corporate awards <b style='color:#0284c7'>banquet</b> will be held in the grand ballroom of the Grand Hyatt hotel.
The exhibition center was chosen as the primary <span class='blank'>______</span> because of its proximity to the international airport.,Conferences &amp; Events,venue,ˈvenjuː,noun,địa điểm diễn ra sự kiện/hội nghị,"conference venue, ideal venue, change the venue",venue = location = site = meeting place,The exhibition center was chosen as the primary <b style='color:#0284c7'>venue</b> because of its proximity to the international airport.
Copies of the detailed conference <span class='blank'>______</span> were distributed to all registered attendees at the registration desk.,Conferences &amp; Events,agenda,əˈdʒendə,noun,"chương trình nghị sự, lịch trình cuộc họp","meeting agenda, items on the agenda, adopt the agenda",agenda = schedule = program = timetable,Copies of the detailed conference <b style='color:#0284c7'>agenda</b> were distributed to all registered attendees at the registration desk.
Over five hundred overseas <span class='blank'>______</span> gathered in Singapore for the international cybersecurity symposium.,Conferences &amp; Events,delegate,ˈdelɪɡət,noun,"đại biểu, người đại diện tham gia hội nghị","conference delegate, trade delegate, international delegates",delegate = representative = attendee = envoy,Over five hundred overseas <b style='color:#0284c7'>delegates</b> gathered in Singapore for the international cybersecurity symposium.
"Having reached an agreement on all major agenda items, the committee chairman voted to <span class='blank'>______</span> the meeting.",Conferences &amp; Events,adjourn,əˈdʒɜːn,verb,"tạm hoãn, bế mạc cuộc họp để tiếp tục sau","adjourn the meeting, meeting adjourned, adjourn until tomorrow",adjourn = suspend = postpone = recess,"Having reached an agreement on all major agenda items, the committee chairman voted to <b style='color:#0284c7'>adjourn</b> the meeting."
Please refer to page three of the lecture <span class='blank'>______</span> for a visual flowchart of the deployment architecture.,Conferences &amp; Events,handout,ˈhændaʊt,noun,tài liệu phát tay tóm tắt bài giảng/thuyết trình,"distribute handouts, conference handout, printed handout",handout = printed material = flyer = leaflet,Please refer to page three of the lecture <b style='color:#0284c7'>handout</b> for a visual flowchart of the deployment architecture.
Dr. Miller took the <span class='blank'>______</span> to present the findings of his groundbreaking renewable energy research.,Conferences &amp; Events,podium,ˈpəʊdiəm,noun,"bục giảng, bục phát biểu sân khấu","take the podium, step up to the podium, speaker's podium",podium = lectern = platform = stage,Dr. Miller took the <b style='color:#0284c7'>podium</b> to present the findings of his groundbreaking renewable energy research.
"After intense deliberation, the panel reached a unanimous <span class='blank'>______</span> on the proposed budget revisions.",Conferences &amp; Events,consensus,kənˈsensəs,noun,"sự đồng thuận, nhất trí giữa các bên","reach a consensus, general consensus, build consensus",consensus = agreement = harmony = concord,"After intense deliberation, the panel reached a unanimous <b style='color:#0284c7'>consensus</b> on the proposed budget revisions."
The newly released software driver is fully <span class='blank'>______</span> with both macOS and Linux operating systems.,Computers &amp; IT,compatible,kəmˈpætəbl,adjective,"tương thích, chạy mượt mà cùng hệ thống khác","fully compatible, backwards compatible, compatible with",compatible = interoperable = matching = consistent,The newly released software driver is fully <b style='color:#0284c7'>compatible</b> with both macOS and Linux operating systems.
Please ensure that your batch processing script does not <span class='blank'>______</span> user transactions in the database.,Computers &amp; IT,duplicate,ˈdjuːplɪkeɪt,verb,"sao chép y hệt, nhân bản dữ liệu","duplicate records, duplicate files, duplicate an effort",duplicate = copy = replicate = clone,Please ensure that your batch processing script does not <b style='color:#0284c7'>duplicate</b> user transactions in the database.
The automated failover mechanism switched to backup servers immediately upon detecting a network <span class='blank'>______</span>.,Computers &amp; IT,failure,ˈfeɪljər,noun,"sự hỏng hóc, sự cố hệ thống ngừng chạy","system failure, hardware failure, power failure",failure = breakdown = malfunction = collapse,The automated failover mechanism switched to backup servers immediately upon detecting a network <b style='color:#0284c7'>failure</b>.
The DevOps engineer verified the firewall <span class='blank'>______</span> settings before deploying the service to production.,Computers &amp; IT,configuration,kənˌfɪɡəˈreɪʃn,noun,cấu hình thông số cài đặt hệ thống,"system configuration, network configuration, configuration settings",configuration = setup = layout = arrangement,The DevOps engineer verified the firewall <b style='color:#0284c7'>configuration</b> settings before deploying the service to production.
Our tier-three support specialists worked through the night to <span class='blank'>______</span> intermittent database timeouts.,Computers &amp; IT,troubleshoot,ˈtrʌblʃuːt,verb,rà soát khắc phục sự cố kỹ thuật,"troubleshoot problems, troubleshoot network issues, troubleshooting guide",troubleshoot = diagnose = debug = resolve bugs,Our tier-three support specialists worked through the night to <b style='color:#0284c7'>troubleshoot</b> intermittent database timeouts.
"By executing blue-green deployments, the cloud infrastructure team achieved zero <span class='blank'>______</span> during upgrades.",Computers &amp; IT,downtime,ˈdaʊntaɪm,noun,"thời gian chết, khoảng thời gian hệ thống gián đoạn","minimize downtime, scheduled downtime, zero downtime",downtime = outage = idle time = stoppage,"By executing blue-green deployments, the cloud infrastructure team achieved zero <b style='color:#0284c7'>downtime</b> during upgrades."
The system automatically creates an encrypted offsite <span class='blank'>______</span> of all customer account records daily.,Computers &amp; IT,backup,ˈbækʌp,noun,bản sao lưu dữ liệu dự phòng,"regular backup, cloud backup, restore from backup",backup = copy = archive = safeguard,The system automatically creates an encrypted offsite <b style='color:#0284c7'>backup</b> of all customer account records daily.
Our corporate network <span class='blank'>______</span> blocked hundreds of unauthorized login attempts originating from unknown IP ranges.,Computers &amp; IT,firewall,ˈfaɪəwɔːl,noun,tường lửa bảo mật an ninh mạng,"configure a firewall, corporate firewall, bypass the firewall",firewall = security barrier = cyber defense,Our corporate network <b style='color:#0284c7'>firewall</b> blocked hundreds of unauthorized login attempts originating from unknown IP ranges.
All new workstations come fully equipped with high-resolution monitors and essential <span class='blank'>______</span> devices.,Computers &amp; IT,peripheral,pəˈrɪfərəl,noun,"thiết bị ngoại vi (chuột, bàn phím, máy in)","computer peripherals, connect peripherals, peripheral devices",peripheral = accessory = auxiliary equipment,All new workstations come fully equipped with high-resolution monitors and essential <b style='color:#0284c7'>peripheral</b> devices.
Streaming high-definition video presentations during all-hands meetings consumes considerable office <span class='blank'>______</span>.,Computers &amp; IT,bandwidth,ˈbændwɪtθ,noun,băng thông đường truyền mạng,"high bandwidth, consume bandwidth, bandwidth limit",bandwidth = network capacity = transmission rate,Streaming high-definition video presentations during all-hands meetings consumes considerable office <b style='color:#0284c7'>bandwidth</b>.
The newly optimized SQL query can <span class='blank'>______</span> five million order history records in under two seconds.,Computers &amp; IT,retrieve,rɪˈtriːv,verb,"truy xuất, lấy lại dữ liệu từ cơ sở dữ liệu","retrieve data, retrieve files, retrieve information",retrieve = recover = fetch = extract = access,The newly optimized SQL query can <b style='color:#0284c7'>retrieve</b> five million order history records in under two seconds.
The financial exchange relies on <span class='blank'>______</span> server clusters across two geographically isolated datacenters.,Computers &amp; IT,redundant,rɪˈdʌndənt,adjective,"dư thừa dự phòng (HA), không bị sập khi 1 node lỗi","redundant power supply, redundant systems, redundant servers",redundant = backup = duplicate = spare,The financial exchange relies on <b style='color:#0284c7'>redundant</b> server clusters across two geographically isolated datacenters.
Replacing <span class='blank'>______</span> office desktop PCs with lightweight laptops improved developer mobility tremendously.,Office Operations,outdated,ˌaʊtˈdeɪtɪd,adjective,"lỗi thời, lạc hậu, không còn phù hợp","outdated equipment, outdated software, outdated policy",outdated = obsolete = antiquated = old-fashioned,Replacing <b style='color:#0284c7'>outdated</b> office desktop PCs with lightweight laptops improved developer mobility tremendously.
The human resources director sent an internal <span class='blank'>______</span> reminding all staff to submit timecards promptly.,Office Operations,memorandum,ˌmeməˈrændəm,noun,"thông báo nội bộ văn phòng, bản ghi nhớ (memo)","issue a memorandum, internal memorandum, confidential memorandum",memorandum = memo = notification = circular = bulletin,The human resources director sent an internal <b style='color:#0284c7'>memorandum</b> reminding all staff to submit timecards promptly.
Please submit your <span class='blank'>______</span> requests to the front desk administrator by Thursday afternoon.,Office Operations,stationery,ˈsteɪʃənri,noun,"văn phòng phẩm (giấy, bút, kẹp, bìa hồ sơ)","office stationery, order stationery, stationery cupboard",stationery = office supplies = paper goods,Please submit your <b style='color:#0284c7'>stationery</b> requests to the front desk administrator by Thursday afternoon.
All hardware purchases exceeding five hundred dollars require an approved <span class='blank'>______</span> form signed by the manager.,Office Operations,requisition,ˌrekwɪˈzɪʃn,noun,phiếu yêu cầu cấp phát vật tư/thiết bị,"purchase requisition, requisition form, submit a requisition",requisition = request form = order = demand,All hardware purchases exceeding five hundred dollars require an approved <b style='color:#0284c7'>requisition</b> form signed by the manager.
All obsolete financial statements and personnel printouts must be discarded into the office paper <span class='blank'>______</span>.,Office Operations,shredder,ˈʃredər,noun,máy hủy tài liệu giấy,"paper shredder, cross-cut shredder, dispose in the shredder",shredder = document destroyer = cutting machine,All obsolete financial statements and personnel printouts must be discarded into the office paper <b style='color:#0284c7'>shredder</b>.
The original signed deed was dispatched via overnight <span class='blank'>______</span> to our legal counsel in London.,Office Operations,courier,ˈkʊriər,noun,"người đưa thư, dịch vụ chuyển phát hỏa tốc","deliver by courier, express courier, courier service",courier = messenger = delivery service = carrier,The original signed deed was dispatched via overnight <b style='color:#0284c7'>courier</b> to our legal counsel in London.
Investing in modern workplace <span class='blank'>______</span> noticeably reduced back fatigue and repetitive strain injuries among programmers.,Office Operations,ergonomics,ˌɜːɡəˈnɒmɪks,noun,công thái học (thiết kế chỗ ngồi tốt cho sức khỏe),"workplace ergonomics, ergonomic chair, ergonomic keyboard",ergonomics = user comfort design = physical optimization,Investing in modern workplace <b style='color:#0284c7'>ergonomics</b> noticeably reduced back fatigue and repetitive strain injuries among programmers.
Please notify the building <span class='blank'>______</span> if you notice any plumbing leaks in the second-floor restrooms.,Office Operations,custodian,kʌˈstəʊdiən,noun,nhân viên quản lý tòa nhà / người coi sóc,"building custodian, property custodian, night custodian",custodian = caretaker = janitor = guardian,Please notify the building <b style='color:#0284c7'>custodian</b> if you notice any plumbing leaks in the second-floor restrooms.
Management held a workshop to <span class='blank'>______</span> workplace anti-harassment policies among team leads.,Office Operations,reinforce,ˌriːɪnˈfɔːs,verb,"củng cố, tăng cường (quy tắc, an ninh, kết cấu)","reinforce safety standards, reinforce security, reinforce a message",reinforce = strengthen = fortify = bolster,Management held a workshop to <b style='color:#0284c7'>reinforce</b> workplace anti-harassment policies among team leads.
"Over two hundred software engineers submitted resumes, but only ten <span class='blank'>______</span> were invited for technical interviews.",Human Resources,applicant,ˈæplɪkənt,noun,"người nộp đơn xin việc, ứng viên tuyển dụng","job applicant, successful applicant, qualified applicants",applicant = candidate = job seeker = interviewee,"Over two hundred software engineers submitted resumes, but only ten <b style='color:#0284c7'>applicants</b> were invited for technical interviews."
"During the initial three-month <span class='blank'>______</span> period, new hires are paired with a senior mentor for technical guidance.",Human Resources,probationary,prəˈbeɪʃənri,adjective,"trong thời gian thử việc, tập sự","probationary period, probationary employee, three-month probation",probationary = trial = test period = provisional,"During the initial three-month <b style='color:#0284c7'>probationary</b> period, new hires are paired with a senior mentor for technical guidance."
Employees affected by the departmental downsizing were provided with an attractive six-month <span class='blank'>______</span> package.,Human Resources,severance,ˈsevərəns,noun,khoản tiền trợ cấp thôi việc/sa thải,"severance pay, severance package, severance agreement",severance = termination compensation = redundancy pay,Employees affected by the departmental downsizing were provided with an attractive six-month <b style='color:#0284c7'>severance</b> package.
The enterprise provides a matching company <span class='blank'>______</span> plan for all full-time staff with more than two years of tenure.,Human Resources,pension,ˈpenʃn,noun,"lương hưu, quỹ trợ cấp nghỉ hưu","retirement pension, pension plan, contribute to a pension",pension = retirement fund = superannuation = annuity,The enterprise provides a matching company <b style='color:#0284c7'>pension</b> plan for all full-time staff with more than two years of tenure.
The lead system architect handed in his official letter of <span class='blank'>______</span> after accepting an executive position elsewhere.,Human Resources,resignation,ˌrezɪɡˈneɪʃn,noun,"sự từ chức, đơn xin thôi việc","tender one's resignation, letter of resignation, sudden resignation",resignation = departure = stepping down = quitting,The lead system architect handed in his official letter of <b style='color:#0284c7'>resignation</b> after accepting an executive position elsewhere.
Our executive talent scouts travel to leading technical universities annually to <span class='blank'>______</span> promising backend engineers.,Human Resources,recruit,rɪˈkruːt,verb,"chiêu mộ, tuyển dụng nhân tài mới","recruit talent, actively recruit, campus recruiting",recruit = hire = employ = enlist,Our executive talent scouts travel to leading technical universities annually to <b style='color:#0284c7'>recruit</b> promising backend engineers.
The tech firm offers an industry-leading <span class='blank'>______</span> package including stock equity grants and comprehensive health coverage.,Human Resources,compensation,ˌkɒmpenˈseɪʃn,noun,"chế độ thù lao, lương thưởng và đãi ngộ","compensation package, competitive compensation, executive compensation",compensation = remuneration = salary and benefits = pay,The tech firm offers an industry-leading <b style='color:#0284c7'>compensation</b> package including stock equity grants and comprehensive health coverage.
Management approved an expansion of the engineering division <span class='blank'>______</span> from twenty to thirty-five developers.,Human Resources,headcount,ˈhedkaʊnt,noun,tổng số lượng nhân sự trong công ty/phòng ban,"reduce headcount, increase headcount, total headcount",headcount = staff size = workforce numbers = personnel count,Management approved an expansion of the engineering division <b style='color:#0284c7'>headcount</b> from twenty to thirty-five developers.
All incoming software interns are required to attend a full-day security <span class='blank'>______</span> session on Monday morning.,Human Resources,orientation,ˌɔːriənˈteɪʃn,noun,buổi định hướng chào đón nhân viên mới,"orientation session, new hire orientation, orientation program",orientation = induction = onboarding = welcoming session,All incoming software interns are required to attend a full-day security <b style='color:#0284c7'>orientation</b> session on Monday morning.
The CEO officially <span class='blank'>______</span> the incident response team for resolving the database outage in record time.,Human Resources,commend,kəˈmend,verb,"khen ngợi, biểu dương thành tích xuất sắc","commend someone for, highly commended, officially commend",commend = praise = applaud = compliment = honor,The CEO officially <b style='color:#0284c7'>commended</b> the incident response team for resolving the database outage in record time.
Employees who experience unfair scheduling treatment are encouraged to follow the formal workplace <span class='blank'>______</span> procedure.,Human Resources,grievance,ˈɡriːvəns,noun,"khiếu nại, bức xúc quyền lợi của nhân viên","file a grievance, workplace grievance, grievance procedure",grievance = complaint = protest = dispute,Employees who experience unfair scheduling treatment are encouraged to follow the formal workplace <b style='color:#0284c7'>grievance</b> procedure.
The procurement office is currently comparing quotes from three leading enterprise hardware <span class='blank'>______</span>.,Purchasing &amp; Inventory,vendor,ˈvendər,noun,nhà cung cấp thiết bị/hàng hóa bên ngoài,"approved vendor, third-party vendor, software vendor",vendor = supplier = seller = merchant = provider,The procurement office is currently comparing quotes from three leading enterprise hardware <b style='color:#0284c7'>vendors</b>.
Please request a formal price <span class='blank'>______</span> from the supplier including shipping and customs clearance costs.,Purchasing &amp; Inventory,quotation,kwəʊˈteɪʃn,noun,bản báo giá chi tiết sản phẩm/dịch vụ,"price quotation, request a quotation, formal quotation",quotation = quote = estimate = pricing sheet,Please request a formal price <b style='color:#0284c7'>quotation</b> from the supplier including shipping and customs clearance costs.
The <span class='blank'>______</span> department negotiated a fifteen percent volume discount for fifty enterprise servers.,Purchasing &amp; Inventory,procurement,prəˈkjʊəmənt,noun,"hoạt động mua sắm, đấu thầu thiết bị cho doanh nghiệp","procurement process, procurement department, public procurement",procurement = purchasing = acquisition = sourcing,The <b style='color:#0284c7'>procurement</b> department negotiated a fifteen percent volume discount for fifty enterprise servers.
Automated warehouse sensors send an alert whenever inventory levels drop below the threshold to <span class='blank'>______</span> stock.,Purchasing &amp; Inventory,replenish,rɪˈplenɪʃ,verb,bổ sung thêm hàng hóa vào kho khi vơi cạn,"replenish stock, replenish supplies, replenish inventory",replenish = restock = refill = reload,Automated warehouse sensors send an alert whenever inventory levels drop below the threshold to <b style='color:#0284c7'>replenish</b> stock.
"Due to worldwide semiconductor shortages, our order for specialized GPU processors was placed on <span class='blank'>______</span>.",Purchasing &amp; Inventory,backorder,ˈbækˌɔːdər,noun,đơn hàng tạm hoãn do kho hết hàng chờ đợt mới,"place on backorder, item on backorder, backorder backlog",backorder = delayed order = out-of-stock order,"Due to worldwide semiconductor shortages, our order for specialized GPU processors was placed on <b style='color:#0284c7'>backorder</b>."
All damaged <span class='blank'>______</span> must be logged in the inventory tracking portal before being returned to the distributor.,Purchasing &amp; Inventory,merchandise,ˈmɜːtʃəndaɪs,noun,hàng hóa thương mại được bày bán,"display merchandise, retail merchandise, return merchandise",merchandise = goods = wares = products = commodities,All damaged <b style='color:#0284c7'>merchandise</b> must be logged in the inventory tracking portal before being returned to the distributor.
Purchasing network cabling at <span class='blank'>______</span> prices saved the infrastructure department nearly thirty percent.,Purchasing &amp; Inventory,wholesale,ˈhəʊlseɪl,adjective,"bán buôn, giá sỉ số lượng lớn","wholesale price, wholesale distributor, buy wholesale",wholesale = bulk sale = large-scale selling,Purchasing network cabling at <b style='color:#0284c7'>wholesale</b> prices saved the infrastructure department nearly thirty percent.
The chief accountant inspected every line item in the general <span class='blank'>______</span> before certifying the quarterly report.,Accounting &amp; Finance,ledger,ˈledʒər,noun,sổ cái ghi chép thu chi kế toán,"general ledger, accounting ledger, enter in the ledger",ledger = account book = financial record = balance book,The chief accountant inspected every line item in the general <b style='color:#0284c7'>ledger</b> before certifying the quarterly report.
Capital <span class='blank'>______</span> on modern cloud server infrastructure is expected to yield substantial efficiency gains.,Accounting &amp; Finance,expenditure,ɪkˈspendɪtʃər,noun,"khoản chi tiêu, tổng chi phí hoạt động","capital expenditure, annual expenditure, reduce expenditure",expenditure = expense = spending = outlay = disbursement,Capital <b style='color:#0284c7'>expenditure</b> on modern cloud server infrastructure is expected to yield substantial efficiency gains.
The accounting software calculates annual tax <span class='blank'>______</span> for all corporate hardware assets automatically.,Accounting &amp; Finance,depreciation,dɪˌpriːʃiˈeɪʃn,noun,sự khấu hao giá trị tài sản cố định theo thời gian,"asset depreciation, calculate depreciation, accelerated depreciation",depreciation = devaluation = write-down = amortization,The accounting software calculates annual tax <b style='color:#0284c7'>depreciation</b> for all corporate hardware assets automatically.
An external auditor discovered a five-thousand-dollar <span class='blank'>______</span> between the physical inventory and the digital register.,Accounting &amp; Finance,discrepancy,dɪˈskrepənsi,noun,"sự chênh lệch, không khớp giữa 2 số liệu sổ sách","unexplained discrepancy, minor discrepancy, audit discrepancy",discrepancy = inconsistency = disparity = difference = mismatch,An external auditor discovered a five-thousand-dollar <b style='color:#0284c7'>discrepancy</b> between the physical inventory and the digital register.
The accounts receivable team issued reminder notices to clients whose service payments were thirty days <span class='blank'>______</span>.,Accounting &amp; Finance,delinquent,dɪˈlɪŋkwənt,adjective,"quá hạn thanh toán, chậm trả nợ","delinquent account, delinquent tax, severely delinquent",delinquent = overdue = late = unpaid = in arrears,The accounts receivable team issued reminder notices to clients whose service payments were thirty days <b style='color:#0284c7'>delinquent</b>.
Please attach all taxi receipts to your expense <span class='blank'>______</span> before submitting it to accounting for reimbursement.,Accounting &amp; Finance,voucher,ˈvaʊtʃər,noun,"chứng từ kế toán, phiếu chi hoặc phiếu giảm giá","payment voucher, travel voucher, redeem a voucher",voucher = receipt = coupon = proof of expense,Please attach all taxi receipts to your expense <b style='color:#0284c7'>voucher</b> before submitting it to accounting for reimbursement.
Adopting a hybrid remote work policy helped the tech firm trim its monthly facility <span class='blank'>______</span> costs substantially.,Accounting &amp; Finance,overhead,ˈəʊvəhed,noun,"chi phí cố định gián tiếp (điện, nước, thuê văn phòng)","operating overhead, reduce overhead, overhead costs",overhead = indirect costs = operating expenses = running costs,Adopting a hybrid remote work policy helped the tech firm trim its monthly facility <b style='color:#0284c7'>overhead</b> costs substantially.
The bookkeeper spent Friday afternoon <span class='blank'>______</span> monthly credit card receipts with corporate bank statements.,Accounting &amp; Finance,reconcile,ˈrekənsaɪl,verb,"đối soát, cân đối số liệu giữa 2 tài khoản/hóa đơn","reconcile accounts, reconcile statements, bank reconciliation",reconcile = balance = harmonize = adjust = match,The bookkeeper spent Friday afternoon <b style='color:#0284c7'>reconciling</b> monthly credit card receipts with corporate bank statements.
Please <span class='blank'>______</span> the full invoice balance to our designated bank account within thirty calendar days.,Accounting &amp; Finance,remit,rɪˈmɪt,verb,chuyển tiền thanh toán qua ngân hàng/thư,"remit payment, remit funds, please remit to",remit = send payment = wire = pay = transfer,Please <b style='color:#0284c7'>remit</b> the full invoice balance to our designated bank account within thirty calendar days.
The commercial bank required company real estate as <span class='blank'>______</span> before approving the five-million-dollar expansion loan.,Banking &amp; Finance,collateral,kəˈlætərəl,noun,tài sản thế chấp để vay vốn ngân hàng,"pledge collateral, put up collateral, loan collateral",collateral = security = pledge = guarantee,The commercial bank required company real estate as <b style='color:#0284c7'>collateral</b> before approving the five-million-dollar expansion loan.
Portfolio managers adjusted their asset allocations to protect against unexpected interest rate <span class='blank'>______</span>.,Banking &amp; Finance,volatility,ˌvɒləˈtɪləti,noun,"sự biến động mạnh, mức độ rủi ro thị trường","market volatility, price volatility, experience volatility",volatility = fluctuation = instability = turbulence,Portfolio managers adjusted their asset allocations to protect against unexpected interest rate <b style='color:#0284c7'>volatility</b>.
The chief financial officer stressed the importance of maintaining strong short-term <span class='blank'>______</span> during the economic downturn.,Banking &amp; Finance,liquidity,lɪˈkwɪdəti,noun,"tính thanh khoản, khả năng chuyển đổi thành tiền mặt","maintain liquidity, liquidity crisis, high liquidity",liquidity = cash availability = solvency = cash flow,The chief financial officer stressed the importance of maintaining strong short-term <b style='color:#0284c7'>liquidity</b> during the economic downturn.
The independent auditing firm verified that the insurance provider possessed adequate capital reserves to guarantee <span class='blank'>______</span>.,Banking &amp; Finance,solvency,ˈsɒlvənsi,noun,khả năng thanh toán nợ dài hạn của doanh nghiệp,"long-term solvency, guarantee solvency, corporate solvency",solvency = financial stability = ability to pay debts,The independent auditing firm verified that the insurance provider possessed adequate capital reserves to guarantee <b style='color:#0284c7'>solvency</b>.
A consortium of multinational investment banks agreed to <span class='blank'>______</span> the tech company's initial public offering.,Banking &amp; Finance,underwrite,ˌʌndəˈraɪt,verb,bảo lãnh phát hành cổ phiếu hoặc bảo hiểm rủi ro,"underwrite an IPO, underwrite a policy, investment banks underwrite",underwrite = guarantee financially = sponsor = back,A consortium of multinational investment banks agreed to <b style='color:#0284c7'>underwrite</b> the tech company's initial public offering.
Investors favored government treasury bonds due to their steady <span class='blank'>______</span> and minimal default risk.,Banking &amp; Finance,yield,jiːld,noun,"tỷ suất sinh lời, lợi tức đầu tư","high yield, bond yield, dividend yield",yield = return = profit = earnings = harvest,Investors favored government treasury bonds due to their steady <b style='color:#0284c7'>yield</b> and minimal default risk.
Financial advisors recommend diversifying your investment <span class='blank'>______</span> across technology equities and municipal bonds.,Banking &amp; Finance,portfolio,pɔːtˈfəʊliəʊ,noun,danh mục đầu tư tài chính đa dạng,"investment portfolio, diversify a portfolio, manage a portfolio",portfolio = collection of investments = asset holdings,Financial advisors recommend diversifying your investment <b style='color:#0284c7'>portfolio</b> across technology equities and municipal bonds.
The harbor warehouse confirmed receipt of a large <span class='blank'>______</span> of semiconductor chips from South Korea.,Shipping &amp; Logistics,consignment,kənˈsaɪnmənt,noun,lô hàng gửi vận chuyển hoặc ủy thác,"shipment consignment, receive a consignment, on consignment",consignment = shipment = cargo delivery = freight batch,The harbor warehouse confirmed receipt of a large <b style='color:#0284c7'>consignment</b> of semiconductor chips from South Korea.
Customs officials compared the physical shipping containers against the captain's declared cargo <span class='blank'>______</span>.,Shipping &amp; Logistics,manifest,ˈmænɪfest,noun,bản kê khai hàng hóa vận tải chi tiết,"cargo manifest, shipping manifest, passenger manifest",manifest = cargo list = shipping document = inventory list,Customs officials compared the physical shipping containers against the captain's declared cargo <b style='color:#0284c7'>manifest</b>.
Recent changes in international trade agreements led to a reduction in import <span class='blank'>______</span> on precision electronic components.,Shipping &amp; Logistics,tariff,ˈtærɪf,noun,thuế quan nhập khẩu áp lên hàng hóa,"import tariff, impose a tariff, protective tariff",tariff = customs duty = import tax = levy,Recent changes in international trade agreements led to a reduction in import <b style='color:#0284c7'>tariffs</b> on precision electronic components.
The client paid an additional priority fee to <span class='blank'>______</span> the delivery of critical network replacement modules.,Shipping &amp; Logistics,expedite,ˈekspədaɪt,verb,"xúc tiến, đẩy nhanh tốc độ xử lý/giao hàng","expedite delivery, expedite processing, expedite shipping",expedite = speed up = accelerate = hasten = rush,The client paid an additional priority fee to <b style='color:#0284c7'>expedite</b> the delivery of critical network replacement modules.
Warehouse workers wrapped each optical sensor in multiple layers of bubble wrap labeled <span class='blank'>______</span>.,Shipping &amp; Logistics,fragile,ˈfrædʒaɪl,adjective,"dễ vỡ, cần bốc dỡ cẩn thận khi vận chuyển","fragile items, handle with care, fragile glass",fragile = delicate = breakable = brittle,Warehouse workers wrapped each optical sensor in multiple layers of bubble wrap labeled <b style='color:#0284c7'>fragile</b>.
The logistics manager expedited cargo clearance at the port to prevent incurring costly container <span class='blank'>______</span> fees.,Shipping &amp; Logistics,demurrage,dɪˈmʌrɪdʒ,noun,phí phạt lưu container / trễ hạn giải phóng tàu,"demurrage charges, pay demurrage, avoid demurrage",demurrage = container delay penalty = detention fee,The logistics manager expedited cargo clearance at the port to prevent incurring costly container <b style='color:#0284c7'>demurrage</b> fees.
Passengers must present both their official passport and printed <span class='blank'>______</span> pass before entering the gate concourse.,Travel &amp; Hospitality,boarding,ˈbɔːdɪŋ,noun,"sự lên tàu, máy bay","boarding pass, boarding gate, now boarding",boarding = embarkation = getting on,Passengers must present both their official passport and printed <b style='color:#0284c7'>boarding</b> pass before entering the gate concourse.
The executive flight itinerary included a brief two-hour <span class='blank'>______</span> in Frankfurt before proceeding to Berlin.,Travel &amp; Hospitality,layover,ˈleɪəʊvər,noun,"thời gian quá cảnh, dừng nghỉ chờ nối chuyến bay","three-hour layover, brief layover, overnight layover",layover = stopover = transit break = connection wait,The executive flight itinerary included a brief two-hour <b style='color:#0284c7'>layover</b> in Frankfurt before proceeding to Berlin.
Business class guests enjoy complimentary high-speed fiber internet and access to exclusive executive lounge <span class='blank'>______</span>.,Travel &amp; Hospitality,amenities,əˈmiːnətiz,noun,"tiện nghi khách sạn (wifi, gym, hồ bơi, bữa sáng)","hotel amenities, modern amenities, luxury amenities",amenities = facilities = conveniences = services,Business class guests enjoy complimentary high-speed fiber internet and access to exclusive executive lounge <b style='color:#0284c7'>amenities</b>.
The conference hotel provides all registered delegates with <span class='blank'>______</span> round-trip airport shuttle transportation.,Travel &amp; Hospitality,complimentary,ˌkɒmplɪˈmentri,adjective,miễn phí đính kèm dịch vụ,"complimentary breakfast, complimentary shuttle, complimentary drinks",complimentary = free of charge = courtesy = gratis,The conference hotel provides all registered delegates with <b style='color:#0284c7'>complimentary</b> round-trip airport shuttle transportation.
The hotel <span class='blank'>______</span> assisted the visiting engineering executives with reserving private dining tables and theater tickets.,Travel &amp; Hospitality,concierge,kɒn-siˈeəʒ,noun,nhân viên hỗ trợ khách hàng cao cấp tại sảnh khách sạn,"hotel concierge, concierge desk, ask the concierge",concierge = guest service agent = front desk helper,The hotel <b style='color:#0284c7'>concierge</b> assisted the visiting engineering executives with reserving private dining tables and theater tickets.
Engineers traveling for onsite client installations receive a generous fixed daily <span class='blank'>______</span> for meals and incidentals.,Travel &amp; Hospitality,per diem,pɜː ˈdiːem,noun,"tiền công tác phí theo ngày (ăn uống, đi lại)","per diem allowance, daily per diem, claim per diem",per diem = daily allowance = travel stipend,Engineers traveling for onsite client installations receive a generous fixed daily <b style='color:#0284c7'>per diem</b> for meals and incidentals.
All cleanroom technicians must wear anti-static footwear as a routine safety <span class='blank'>______</span> against circuit damage.,Manufacturing &amp; Compliance,precaution,prɪˈkɔːʃn,noun,biện pháp phòng ngừa rủi ro/tai nạn,"safety precaution, take precautions, precautionary measure",precaution = safeguard = preventive measure = care,All cleanroom technicians must wear anti-static footwear as a routine safety <b style='color:#0284c7'>precaution</b> against circuit damage.
The optical testing equipment undergoes rigorous weekly <span class='blank'>______</span> to ensure micrometer measurement precision.,Manufacturing &amp; Compliance,calibration,ˌkælɪˈbreɪʃn,noun,sự hiệu chuẩn máy móc đo đạc chính xác,"instrument calibration, annual calibration, sensor calibration",calibration = fine-tuning = adjustment = alignment,The optical testing equipment undergoes rigorous weekly <b style='color:#0284c7'>calibration</b> to ensure micrometer measurement precision.
The industrial safety committee eliminated an electrical <span class='blank'>______</span> by rerouting exposed power cables along ceiling conduits.,Manufacturing &amp; Compliance,hazard,ˈhæzəd,noun,"mối hiểm họa, nguy cơ gây mất an toàn lao động","workplace hazard, fire hazard, health hazard",hazard = danger = risk = peril = threat,The industrial safety committee eliminated an electrical <b style='color:#0284c7'>hazard</b> by rerouting exposed power cables along ceiling conduits.
Our industrial handheld scanner casing is constructed from highly <span class='blank'>______</span> shock-absorbent composite polymers.,Manufacturing &amp; Compliance,durable,ˈdjʊərəbl,adjective,"bền bỉ, chịu lực tốt theo thời gian","durable material, highly durable, durable goods",durable = sturdy = robust = long-lasting = resilient,Our industrial handheld scanner casing is constructed from highly <b style='color:#0284c7'>durable</b> shock-absorbent composite polymers.
All production supervisors completed a mandatory certification course in modern <span class='blank'>______</span> health and safety protocols.,Manufacturing &amp; Compliance,occupational,ˌɒkjuˈpeɪʃənl,adjective,"thuộc về nghề nghiệp, an toàn lao động nơi làm việc","occupational hazard, occupational safety, occupational health",occupational = workplace-related = professional = vocational,All production supervisors completed a mandatory certification course in modern <b style='color:#0284c7'>occupational</b> health and safety protocols.
We offer a competitive compensation package <span class='blank'>______</span> with your technical software engineering experience.,Human Resources,commensurate,kəˈmenʃərət,adjective,"tương xứng, phù hợp với (năng lực, kinh nghiệm)","salary commensurate with experience, commensurate with qualifications",commensurate = proportionate = corresponding = equivalent,We offer a competitive compensation package <b style='color:#0284c7'>commensurate</b> with your technical software engineering experience.
The recruiting manager reviewed the LinkedIn <span class='blank'>______</span> of the prospective distributed systems architect.,Human Resources,profile,ˈprəʊfaɪl,noun,"hồ sơ năng lực, bản tóm tắt tiểu sử cá nhân/doanh nghiệp","company profile, candidate profile, high profile",profile = biography = portfolio = description,The recruiting manager reviewed the LinkedIn <b style='color:#0284c7'>profile</b> of the prospective distributed systems architect.
Candidates who possess advanced cloud security certifications meet the preferred <span class='blank'>______</span> for this role.,Human Resources,qualifications,ˌkwɒlɪfɪˈkeɪʃnz,noun,"trình độ chuyên môn, bằng cấp và kỹ năng cần thiết","minimum qualifications, professional qualifications, meet qualifications",qualifications = credentials = skills = eligibility = capabilities,Candidates who possess advanced cloud security certifications meet the preferred <b style='color:#0284c7'>qualifications</b> for this role.
The lead developer was <span class='blank'>______</span> to approve the merge request without comprehensive regression test coverage.,Human Resources,hesitant,ˈhezɪtənt,adjective,"do dự, ngập ngừng, lưỡng lự","hesitant to accept, feel hesitant, hesitant response",hesitant = reluctant = undecided = cautious = doubtful,The lead developer was <b style='color:#0284c7'>hesitant</b> to approve the merge request without comprehensive regression test coverage.
The enterprise retained an independent cybersecurity <span class='blank'>______</span> to audit its biometric authentication architecture.,Human Resources,expert,ˈekspɜːt,noun,chuyên gia có hiểu biết sâu rộng trong một lĩnh vực,"technical expert, industry expert, consult an expert",expert = specialist = authority = professional = master,The enterprise retained an independent cybersecurity <b style='color:#0284c7'>expert</b> to audit its biometric authentication architecture.
Be sure to <span class='blank'>______</span> with an appreciative thank-you email within twenty-four hours after your onsite interview.,Human Resources,follow up,ˈfɒləʊ ʌp,verb,"theo dõi tiếp, liên hệ lại sau cuộc họp/phỏng vấn","follow up with an email, follow up on a lead, follow-up meeting",follow up = check on = pursue = re-contact = continue,Be sure to <b style='color:#0284c7'>follow up</b> with an appreciative thank-you email within twenty-four hours after your onsite interview.
Employee stock options become twenty-five percent <span class='blank'>______</span> after completing each consecutive year of service.,Human Resources,vested,ˈvestɪd,adjective,"đã được hưởng quyền lợi hợp pháp (cổ phiếu, quỹ hưu)","fully vested, vested stock options, vested interest",vested = guaranteed = entitled = earned = secured,Employee stock options become twenty-five percent <b style='color:#0284c7'>vested</b> after completing each consecutive year of service.
Contract workers receive an hourly <span class='blank'>______</span> calculated automatically via our project management time-tracking portal.,Human Resources,wage,weɪdʒ,noun,tiền lương tính theo giờ hoặc theo tuần,"hourly wage, minimum wage, living wage",wage = pay = rate of pay = remuneration = earnings,Contract workers receive an hourly <b style='color:#0284c7'>wage</b> calculated automatically via our project management time-tracking portal.
The engineering team operates <span class='blank'>______</span> across multiple time zones by utilizing asynchronous communication channels.,Human Resources,flexibly,ˈfleksəbli,adverb,"một cách linh hoạt, dễ thích ứng","work flexibly, adapt flexibly, schedule flexibly",flexibly = adaptably = pliant = accommodatingly,The engineering team operates <b style='color:#0284c7'>flexibly</b> across multiple time zones by utilizing asynchronous communication channels.
Ms. Nguyen received the Employee of the Year award in recognition of her tireless <span class='blank'>______</span> to customer success.,Human Resources,dedication,ˌdedɪˈkeɪʃn,noun,"sự cống hiến, tận tụy hết lòng vì công việc","show dedication, dedication to quality, tireless dedication",dedication = commitment = devotion = diligence = loyalty,Ms. Nguyen received the Employee of the Year award in recognition of her tireless <b style='color:#0284c7'>dedication</b> to customer success.
Promotions within the technical track are awarded strictly on <span class='blank'>______</span> and demonstrated architectural impact.,Human Resources,merit,ˈmerɪt,noun,"sự xứng đáng, công lao thành tích thực tế","on merit, merit increase, merit-based promotion",merit = excellence = worth = desert = value,Promotions within the technical track are awarded strictly on <b style='color:#0284c7'>merit</b> and demonstrated architectural impact.
The company honored several <span class='blank'>______</span> employees who celebrated their twentieth anniversary with the organization.,Human Resources,loyal,ˈlɔɪəl,adjective,"trung thành, gắn bó lâu dài","loyal employee, loyal customer base, fiercely loyal",loyal = faithful = dedicated = steadfast = devoted,The company honored several <b style='color:#0284c7'>loyal</b> employees who celebrated their twentieth anniversary with the organization.
Purchasing refurbished server racks directly from the manufacturer proved to be an outstanding <span class='blank'>______</span>.,Purchasing &amp; Inventory,bargain,ˈbɑːɡən,noun,"món hàng giá hời, sự mặc cả thương lượng giá","bargain price, strike a bargain, look for bargains",bargain = deal = discount purchase = steal,Purchasing refurbished server racks directly from the manufacturer proved to be an outstanding <b style='color:#0284c7'>bargain</b>.
Python has become a remarkably <span class='blank'>______</span> programming language widely adopted for web backends and data science.,Purchasing &amp; Inventory,versatile,ˈvɜːsətaɪl,adjective,"đa năng, linh hoạt trong nhiều mục đích sử dụng","versatile tool, versatile software, highly versatile",versatile = multi-purpose = adaptable = all-around = flexible,Python has become a remarkably <b style='color:#0284c7'>versatile</b> programming language widely adopted for web backends and data science.
"To protect against supply chain interruptions, the manufacturer chose to <span class='blank'>______</span> its raw material suppliers.",Purchasing &amp; Inventory,diversify,daɪˈvɜːsɪfaɪ,verb,"đa dạng hóa sản phẩm, dịch vụ hoặc danh mục đầu tư","diversify products, diversify suppliers, diversify investments",diversify = expand variety = branch out = broaden,"To protect against supply chain interruptions, the manufacturer chose to <b style='color:#0284c7'>diversify</b> its raw material suppliers."
Demonstrated proficiency with relational databases is an essential <span class='blank'>______</span> for this backend developer role.,Purchasing &amp; Inventory,prerequisite,ˌpriːˈrekwəzɪt,noun,"điều kiện tiên quyết, bắt buộc phải có trước","essential prerequisite, prerequisite for employment, meet prerequisites",prerequisite = requirement = precondition = necessity,Demonstrated proficiency with relational databases is an essential <b style='color:#0284c7'>prerequisite</b> for this backend developer role.
Our warehouse partners with a national freight <span class='blank'>______</span> to ensure guaranteed two-day ground transport.,Shipping &amp; Logistics,carrier,ˈkæriər,noun,"hãng vận tải chuyên chở hàng hóa (đường bộ, biển, hàng không)","shipping carrier, common carrier, reliable carrier",carrier = shipper = transporter = courier = logistics provider,Our warehouse partners with a national freight <b style='color:#0284c7'>carrier</b> to ensure guaranteed two-day ground transport.
Please consult our updated online hardware <span class='blank'>______</span> to review current pricing on enterprise switch routers.,Shipping &amp; Logistics,catalog,ˈkætəlɒɡ,noun,cuốn danh mục sản phẩm kèm đơn giá và thông số,"product catalog, browse the catalog, online catalog",catalog = directory = list = inventory index = brochure,Please consult our updated online hardware <b style='color:#0284c7'>catalog</b> to review current pricing on enterprise switch routers.
Continuous automated integration testing forms an <span class='blank'>______</span> component of our modern engineering deployment pipeline.,Shipping &amp; Logistics,integral,ˈɪntɪɡrəl,adjective,"thiết yếu, không thể tách rời trong một chỉnh thể","integral part, play an integral role, integral component",integral = essential = indispensable = vital = fundamental,Continuous automated integration testing forms an <b style='color:#0284c7'>integral</b> component of our modern engineering deployment pipeline.
The computer repair center always keeps sufficient spare cooling fans and solid-state drives <span class='blank'>______</span>.,Purchasing &amp; Inventory,on hand,ɒn hænd,adjective,"có sẵn trong kho, sẵn sàng để xuất ngay","supplies on hand, cash on hand, inventory on hand",on hand = in stock = readily available = present,The computer repair center always keeps sufficient spare cooling fans and solid-state drives <b style='color:#0284c7'>on hand</b>.
The financial analyst spent three days <span class='blank'>______</span> sales figures from thirty regional retail branches.,Accounting &amp; Finance,compile,kəmˈpaɪl,verb,"biên soạn, thu thập và tổng hợp tài liệu/dữ liệu","compile data, compile a report, compile statistics",compile = assemble = gather = aggregate = organize,The financial analyst spent three days <b style='color:#0284c7'>compiling</b> sales figures from thirty regional retail branches.
"Before commencing the office renovation project, the general contractor submitted a detailed cost <span class='blank'>______</span>.",Accounting &amp; Finance,estimate,ˈestɪmət,noun,"bản ước tính chi phí, dự toán ngân sách","cost estimate, rough estimate, written estimate",estimate = projection = calculation = appraisal = quotation,"Before commencing the office renovation project, the general contractor submitted a detailed cost <b style='color:#0284c7'>estimate</b>."
The municipal authority voted to <span class='blank'>______</span> a five percent surcharge on all commercial real estate transactions.,Accounting &amp; Finance,impose,ɪmˈpəʊz,verb,"áp đặt (thuế, hình phạt, hạn chế, phụ phí)","impose fines, impose restrictions, impose taxes",impose = levy = enforce = apply = inflict,The municipal authority voted to <b style='color:#0284c7'>impose</b> a five percent surcharge on all commercial real estate transactions.
An inventory <span class='blank'>______</span> was recorded in the database to account for three units damaged during transit.,Purchasing &amp; Inventory,adjustment,əˈdʒʌstmənt,noun,"sự điều chỉnh (số liệu, giá cả, thiết bị)","price adjustment, inventory adjustment, minor adjustment",adjustment = modification = alteration = tuning = adaptation,An inventory <b style='color:#0284c7'>adjustment</b> was recorded in the database to account for three units damaged during transit.
Accurate real-time inventory tracking is <span class='blank'>______</span> for maintaining customer satisfaction in e-commerce fulfillment.,Purchasing &amp; Inventory,crucial,ˈkruːʃl,adjective,"mang tính quyết định, tối quan trọng","crucial factor, crucial role, play a crucial part",crucial = critical = pivotal = essential = decisive,Accurate real-time inventory tracking is <b style='color:#0284c7'>crucial</b> for maintaining customer satisfaction in e-commerce fulfillment.
Barcode scanners eliminated the <span class='blank'>______</span> manual entry of serial numbers into spreadsheet registers.,Purchasing &amp; Inventory,tedious,ˈtiːdiəs,adjective,"nhàm chán, tẻ nhạt vì lặp đi lặp lại nhiều lần","tedious task, tedious process, tedious work",tedious = monotonous = boring = repetitive = tiresome,Barcode scanners eliminated the <b style='color:#0284c7'>tedious</b> manual entry of serial numbers into spreadsheet registers.
The software startup paid a twenty percent <span class='blank'>______</span> to secure the long-term lease on its headquarters.,Banking &amp; Finance,down payment,ˌdaʊn ˈpeɪmənt,noun,tiền đặt cọc trả trước (khi mua tài sản lớn),"make a down payment, initial down payment, ten percent down payment",down payment = deposit = upfront payment = initial advance,The software startup paid a twenty percent <b style='color:#0284c7'>down payment</b> to secure the long-term lease on its headquarters.
The enterprise refinanced its corporate commercial <span class='blank'>______</span> to lock in historically low interest rates.,Banking &amp; Finance,mortgage,ˈmɔːɡɪdʒ,noun,khoản vay thế chấp bất động sản tại ngân hàng,"mortgage rate, commercial mortgage, apply for a mortgage",mortgage = property loan = home loan = real estate debt,The enterprise refinanced its corporate commercial <b style='color:#0284c7'>mortgage</b> to lock in historically low interest rates.
The backend payment engine processes thousands of encrypted credit card <span class='blank'>______</span> every second.,Banking &amp; Finance,transaction,trænˈzækʃn,noun,"giao dịch chuyển khoản, thanh toán thương mại","financial transaction, online transaction, record a transaction",transaction = deal = transfer = exchange = business affair,The backend payment engine processes thousands of encrypted credit card <b style='color:#0284c7'>transactions</b> every second.
Employees <span class='blank'>______</span> one and a half paid vacation days for every month of active continuous employment.,Accounting &amp; Finance,accumulate,əˈkjuːmjəleɪt,verb,"tích lũy, dồn lại theo thời gian (tiền bạc, nợ, điểm)","accumulate wealth, accumulate debt, accumulate interest",accumulate = amass = build up = collect = gather,Employees <b style='color:#0284c7'>accumulate</b> one and a half paid vacation days for every month of active continuous employment.
Please settle the <span class='blank'>______</span> balance of four hundred dollars within ten days to prevent service suspension.,Accounting &amp; Finance,outstanding,aʊtˈstændɪŋ,adjective,"chưa thanh toán (hóa đơn, nợ) HOẶC xuất sắc vượt trội","outstanding balance, outstanding debt, outstanding achievement",outstanding = unpaid = due = owing = exceptional,Please settle the <b style='color:#0284c7'>outstanding</b> balance of four hundred dollars within ten days to prevent service suspension.
The new subscription licensing model helped the software vendor become <span class='blank'>______</span> after only eighteen months.,Accounting &amp; Finance,profitable,ˈprɒfɪtəbl,adjective,"có lãi, đem lại lợi nhuận kinh tế cao","highly profitable, profitable venture, remain profitable",profitable = lucrative = gainful = moneymaking = productive,The new subscription licensing model helped the software vendor become <b style='color:#0284c7'>profitable</b> after only eighteen months.
"The investment committee adopted a <span class='blank'>______</span> investment strategy, focusing primarily on blue-chip equities.",Banking &amp; Finance,conservative,kənˈsɜːvətɪv,adjective,"thận trọng, an toàn, bảo thủ (chiến lược đầu tư)","conservative estimate, conservative investment, conservative approach",conservative = cautious = prudent = moderate = safe,"The investment committee adopted a <b style='color:#0284c7'>conservative</b> investment strategy, focusing primarily on blue-chip equities."
The venture capital syndicate <span class='blank'>______</span> ten million dollars toward the development of next-generation AI microchips.,Banking &amp; Finance,commit,kəˈmɪt,verb,cam kết dành nguồn lực/tiền bạc cho một mục tiêu,"commit resources, commit funds, fully committed",commit = dedicate = pledge = allocate = obligate,The venture capital syndicate <b style='color:#0284c7'>committed</b> ten million dollars toward the development of next-generation AI microchips.
Double-check your withholding tax <span class='blank'>______</span> before submitting the payroll summary to accounting.,Accounting &amp; Finance,calculation,ˌkælkjuˈleɪʃn,noun,"sự tính toán số liệu, phép tính","accurate calculation, tax calculation, preliminary calculation",calculation = computation = estimation = reckoning = assessment,Double-check your withholding tax <b style='color:#0284c7'>calculation</b> before submitting the payroll summary to accounting.
Filing your annual corporate tax return after the statutory deadline will incur a substantial monetary <span class='blank'>______</span>.,Accounting &amp; Finance,penalty,ˈpenəlti,noun,khoản tiền phạt do vi phạm hoặc trễ hạn,"pay a penalty, late penalty, severe penalty",penalty = fine = forfeit = punishment = surcharge,Filing your annual corporate tax return after the statutory deadline will incur a substantial monetary <b style='color:#0284c7'>penalty</b>.
Employers are legally required to <span class='blank'>______</span> federal income taxes and health insurance contributions from monthly paychecks.,Accounting &amp; Finance,withhold,wɪðˈhəʊld,verb,"khấu trừ lại, giữ lại (thuế thu nhập tại nguồn)","withhold taxes, withhold payment, withhold information",withhold = deduct = keep back = retain = reserve,Employers are legally required to <b style='color:#0284c7'>withhold</b> federal income taxes and health insurance contributions from monthly paychecks.
<span class='blank'>______</span> sales for the fourth quarter indicate that the company will surpass its annual profitability targets.,Accounting &amp; Finance,projected,prəˈdʒektɪd,adjective,"được dự phóng, ước tính trong tương lai","projected revenue, projected growth, projected figures",projected = estimated = forecasted = anticipated = expected,<b style='color:#0284c7'>Projected</b> sales for the fourth quarter indicate that the company will surpass its annual profitability targets.
The executive conference room is conveniently located <span class='blank'>______</span> to the main cafeteria on the third floor.,Office Operations,adjacent,əˈdʒeɪsnt,adjective,"kế bên, liền kề, ngay cạnh","adjacent to, adjacent building, adjacent room",adjacent = next to = adjoining = neighboring = proximate,The executive conference room is conveniently located <b style='color:#0284c7'>adjacent</b> to the main cafeteria on the third floor.
Successful open-source software development relies upon close <span class='blank'>______</span> between engineers globally.,Office Operations,collaboration,kəˌlæbəˈreɪʃn,noun,"sự cộng tác, hợp tác cùng làm việc","close collaboration, in collaboration with, team collaboration",collaboration = cooperation = partnership = teamwork = joint effort,Successful open-source software development relies upon close <b style='color:#0284c7'>collaboration</b> between engineers globally.
"A quiet and ergonomically designed workspace is highly <span class='blank'>______</span> to deep, focused programming sessions.",Office Operations,conducive,kənˈdjuːsɪv,adjective,"có lợi, tạo điều kiện thuận lợi cho việc gì","conducive to productivity, conducive atmosphere, conducive to learning",conducive = favorable = advantageous = beneficial = encouraging,"A quiet and ergonomically designed workspace is highly <b style='color:#0284c7'>conducive</b> to deep, focused programming sessions."
The unexpected fiber-optic cable severance <span class='blank'>______</span> internet connectivity across the entire downtown campus.,Office Operations,disrupt,dɪsˈrʌpt,verb,"làm gián đoạn, phá vỡ sự liên tục của quy trình","disrupt operations, disrupt traffic, disrupt the market",disrupt = interrupt = disturb = interfere with = upset,The unexpected fiber-optic cable severance <b style='color:#0284c7'>disrupted</b> internet connectivity across the entire downtown campus.
Persistent supply chain shortages <span class='blank'>______</span> our efforts to deliver the automated manufacturing hardware on schedule.,Office Operations,hamper,ˈhæmpər,verb,"gây cản trở, làm chậm trễ bước tiến","hamper progress, hamper efforts, severely hampered",hamper = hinder = impede = obstruct = slow down,Persistent supply chain shortages <b style='color:#0284c7'>hampered</b> our efforts to deliver the automated manufacturing hardware on schedule.
The proposed corporate acquisition is currently undergoing intense antitrust <span class='blank'>______</span> by international trade regulators.,Office Operations,scrutiny,ˈskruːtəni,noun,"sự xem xét kỹ lưỡng, thanh tra gắt gao","close scrutiny, public scrutiny, under scrutiny",scrutiny = inspection = examination = audit = surveillance,The proposed corporate acquisition is currently undergoing intense antitrust <b style='color:#0284c7'>scrutiny</b> by international trade regulators.
All backend engineers must <span class='blank'>______</span> strictly to the established code review and test coverage guidelines.,Contracts &amp; Agreements,adhere,ədˈhɪər,verb,"tuân thủ triệt để, dính chặt vào nguyên tắc","adhere to guidelines, adhere to standards, strictly adhere",adhere to = abide by = comply with = conform to = observe,All backend engineers must <b style='color:#0284c7'>adhere</b> strictly to the established code review and test coverage guidelines.
Security access keys and database passwords must be rotated <span class='blank'>______</span> to prevent unauthorized access.,General Business,periodically,ˌpɪəriˈɒdɪkli,adverb,"theo định kỳ, đều đặn từng chu kỳ","review periodically, check periodically, updated periodically",periodically = regularly = at intervals = recurrently,Security access keys and database passwords must be rotated <b style='color:#0284c7'>periodically</b> to prevent unauthorized access.
Every manufactured circuit board must <span class='blank'>______</span> to international ISO-9001 quality specifications before shipping.,Manufacturing &amp; Compliance,conform,kənˈfɔːm,verb,"tuân theo, phù hợp hoàn toàn với tiêu chuẩn kỹ thuật","conform to standards, conform with regulations, conform to specifications",conform = comply = align with = fit = match,Every manufactured circuit board must <b style='color:#0284c7'>conform</b> to international ISO-9001 quality specifications before shipping.
Quality assurance technicians <span class='blank'>______</span> every tenth unit coming off the automated assembly line for surface flaws.,Manufacturing &amp; Compliance,inspect,ɪnˈspekt,verb,"kiểm tra, thanh tra kỹ lưỡng từng chi tiết","inspect equipment, inspect thoroughly, visually inspect",inspect = examine = check = scrutinize = investigate,Quality assurance technicians <b style='color:#0284c7'>inspect</b> every tenth unit coming off the automated assembly line for surface flaws.
Enterprise clients <span class='blank'>______</span> our high availability cloud hosting as remarkably stable and cost-effective.,Manufacturing &amp; Compliance,perceive,pəˈsiːv,verb,"nhận thức, cảm nhận, nhìn nhận vấn đề","perceive value, widely perceived, perceive as",perceive = recognize = discern = view = regard,Enterprise clients <b style='color:#0284c7'>perceive</b> our high availability cloud hosting as remarkably stable and cost-effective.
The root cause analysis team conducted diagnostic tests to <span class='blank'>______</span> the exact source of memory leaks.,Business Planning &amp; Strategy,ascertain,ˌæsəˈteɪn,verb,"xác minh, làm sáng tỏ thông tin chính xác","ascertain the facts, ascertain the cause, hard to ascertain",ascertain = determine = discover = verify = confirm,The root cause analysis team conducted diagnostic tests to <b style='color:#0284c7'>ascertain</b> the exact source of memory leaks.
Our engineering department employs a <span class='blank'>______</span> approach to benchmarking software performance under heavy traffic loads.,Business Planning &amp; Strategy,systematic,ˌsɪstəˈmætɪk,adjective,"có tính hệ thống, bài bản, khoa học","systematic approach, systematic testing, systematic review",systematic = structured = methodical = organized = disciplined,Our engineering department employs a <b style='color:#0284c7'>systematic</b> approach to benchmarking software performance under heavy traffic loads.
The executive committee was understandably <span class='blank'>______</span> about signing a ten-year commercial lease in an unsettled market.,Real Estate &amp; Leasing,apprehensive,ˌæprɪˈhensɪv,adjective,"lo lắng, e ngại về tương lai/kết quả","apprehensive about, feel apprehensive, understandable apprehensive",apprehensive = anxious = nervous = uneasy = concerned,The executive committee was understandably <b style='color:#0284c7'>apprehensive</b> about signing a ten-year commercial lease in an unsettled market.
Commercial electricity rates <span class='blank'>______</span> throughout the year depending on peak demand and seasonal weather patterns.,Real Estate &amp; Leasing,fluctuate,ˈflʌktʃueɪt,verb,"dao động lên xuống thất thường (giá cả, tỷ giá)","fluctuate wildly, prices fluctuate, continually fluctuate",fluctuate = vary = oscillate = swing = shift,Commercial electricity rates <b style='color:#0284c7'>fluctuate</b> throughout the year depending on peak demand and seasonal weather patterns.
The company decided to renew its five-year office <span class='blank'>______</span> after negotiating a ten percent rent discount.,Real Estate &amp; Leasing,lease,liːs,noun,hợp đồng thuê dài hạn bất động sản hoặc máy móc,"sign a lease, lease agreement, renew a lease",lease = rental contract = charter = tenancy agreement,The company decided to renew its five-year office <b style='color:#0284c7'>lease</b> after negotiating a ten percent rent discount.
Our research and development engineers <span class='blank'>______</span> the entire seventh floor of the newly constructed innovation tower.,Real Estate &amp; Leasing,occupy,ˈɒkjupaɪ,verb,"chiếm ngụ, ở tại, sử dụng không gian văn phòng","occupy space, fully occupied, occupy a building",occupy = inhabit = reside in = take up = use,Our research and development engineers <b style='color:#0284c7'>occupy</b> the entire seventh floor of the newly constructed innovation tower.
The building management provides round-the-clock security and janitorial services for all commercial <span class='blank'>______</span>.,Real Estate &amp; Leasing,tenant,ˈtenənt,noun,"người thuê nhà, đơn vị thuê văn phòng","prospective tenant, commercial tenant, tenant rights",tenant = renter = leaseholder = occupant,The building management provides round-the-clock security and janitorial services for all commercial <b style='color:#0284c7'>tenants</b>.
The bistro offers a complimentary dessert to <span class='blank'>______</span> celebrating corporate anniversaries or birthdays.,Dining &amp; Hospitality,patron,ˈpeɪtrən,noun,"khách hàng quen, thực khách trung thành của quán","restaurant patrons, regular patron, loyal patrons",patron = customer = client = diner = frequent guest,The bistro offers a complimentary dessert to <b style='color:#0284c7'>patrons</b> celebrating corporate anniversaries or birthdays.
"The executive catering service prides itself on sourcing only organic, locally produced culinary <span class='blank'>______</span>.",Dining &amp; Hospitality,ingredient,ɪnˈɡriːdiənt,noun,nguyên liệu tạo nên món ăn/thành phẩm,"fresh ingredients, key ingredient, natural ingredients",ingredient = component = element = constituent = part,"The executive catering service prides itself on sourcing only organic, locally produced culinary <b style='color:#0284c7'>ingredients</b>."
The downtown luxury hotel hired a world-renowned chef to direct its corporate banquet <span class='blank'>______</span> operations.,Dining &amp; Hospitality,culinary,ˈkʌlɪnəri,adjective,"thuộc về ẩm thực, nghề nấu nướng bếp núc","culinary skills, culinary arts, culinary experience",culinary = cooking-related = gastronomic,The downtown luxury hotel hired a world-renowned chef to direct its corporate banquet <b style='color:#0284c7'>culinary</b> operations.
Passengers traveling to Singapore must <span class='blank'>______</span> through gate fourteen forty minutes prior to scheduled departure.,Travel &amp; Transportation,embark,ɪmˈbɑːk,verb,lên tàu/máy bay HOẶC bắt đầu chuyến hành trình/dự án mới,"embark on a journey, embark on a project, embark passengers",embark = board = begin = commence = launch,Passengers traveling to Singapore must <b style='color:#0284c7'>embark</b> through gate fourteen forty minutes prior to scheduled departure.
Many software engineers prefer <span class='blank'>______</span> by rapid transit train rather than driving during morning rush hours.,Travel &amp; Transportation,commute,kəˈmjuːt,verb,đi lại hàng ngày giữa nhà và nơi làm việc,"daily commute, commute by train, long commute",commute = travel to work = journey = shuttle,Many software engineers prefer <b style='color:#0284c7'>commuting</b> by rapid transit train rather than driving during morning rush hours.
Employees who use public transit for business meetings can submit their electronic train <span class='blank'>______</span> for prompt reimbursement.,Travel &amp; Transportation,fare,feər,noun,"tiền vé xe buýt, tàu hỏa, taxi, máy bay","train fare, air fare, bus fare, pay the fare",fare = ticket price = transportation cost = toll,Employees who use public transit for business meetings can submit their electronic train <b style='color:#0284c7'>fares</b> for prompt reimbursement.
The express train to Munich will arrive at <span class='blank'>______</span> three in approximately five minutes.,Travel &amp; Transportation,platform,ˈplætfɔːm,noun,sân ga tàu hỏa HOẶC nền tảng công nghệ/phần mềm,"train platform, software platform, arrive at platform",platform = railway track area = digital framework = stage,The express train to Munich will arrive at <b style='color:#0284c7'>platform</b> three in approximately five minutes.
The airline announced a new non-stop flight <span class='blank'>______</span> connecting San Francisco directly to Tokyo Haneda.,Travel &amp; Transportation,route,ruːt,noun,"tuyến đường, lộ trình di chuyển","flight route, delivery route, scenic route",route = path = course = circuit = corridor,The airline announced a new non-stop flight <b style='color:#0284c7'>route</b> connecting San Francisco directly to Tokyo Haneda.
Guests are politely requested to <span class='blank'>______</span> their rooms by 11:00 AM on their designated checkout date.,Travel &amp; Hospitality,vacate,vəˈkeɪt,verb,"trả phòng, rời bỏ không gian cư trú","vacate a hotel room, vacate the premises, must vacate by noon",vacate = leave = check out of = clear out = abandon,Guests are politely requested to <b style='color:#0284c7'>vacate</b> their rooms by 11:00 AM on their designated checkout date.
The administrative assistant made a hotel <span class='blank'>______</span> for the visiting German executive team two weeks in advance.,Travel &amp; Hospitality,reservation,ˌrezəˈveɪʃn,noun,"sự đặt chỗ trước (phòng khách sạn, vé máy bay, bàn ăn)","make a reservation, confirm a reservation, cancel a reservation",reservation = booking = arrangement = pre-order,The administrative assistant made a hotel <b style='color:#0284c7'>reservation</b> for the visiting German executive team two weeks in advance.
Conference badges provide complimentary <span class='blank'>______</span> to all networking exhibits and technical keynote sessions.,Travel &amp; Hospitality,admission,ədˈmɪʃn,noun,tiền vé vào cửa HOẶC sự cho phép vào cổng,"free admission, admission fee, gain admission",admission = entry fee = access = admittance = entrance,Conference badges provide complimentary <b style='color:#0284c7'>admission</b> to all networking exhibits and technical keynote sessions.
"Following the conclusion of the summit, organizers arranged an optional cultural <span class='blank'>______</span> to nearby historic landmarks.",Travel &amp; Hospitality,excursion,ɪkˈskɜːʃn,noun,"chuyến tham quan, dã ngoại ngắn ngày","day excursion, organized excursion, group excursion",excursion = outing = short trip = tour = expedition,"Following the conclusion of the summit, organizers arranged an optional cultural <b style='color:#0284c7'>excursion</b> to nearby historic landmarks."
The city's architectural <span class='blank'>______</span> attracts thousands of foreign tourists and international photographers every autumn.,Travel &amp; Hospitality,heritage,ˈherɪtɪdʒ,noun,di sản văn hóa hoặc truyền thống lịch sử lâu đời,"cultural heritage, world heritage, rich heritage",heritage = legacy = tradition = history = inheritance,The city's architectural <b style='color:#0284c7'>heritage</b> attracts thousands of foreign tourists and international photographers every autumn.
The internal affairs director <span class='blank'>______</span> a draft of the revised employee handbook for departmental feedback.,Media &amp; Publishing,circulate,ˈsɜːkjəleɪt,verb,"lưu hành, phát tán, chuyền tay thông tin/ấn phẩm","circulate a memo, widely circulated, circulate rumors",circulate = distribute = disseminate = spread = pass around,The internal affairs director <b style='color:#0284c7'>circulated</b> a draft of the revised employee handbook for departmental feedback.
The technical author submitted the finalized <span class='blank'>______</span> of the microservices handbook to the publishing editor.,Media &amp; Publishing,manuscript,ˈmænjuskrɪpt,noun,bản thảo sách/bài báo trước khi in ấn xuất bản,"submit a manuscript, original manuscript, review a manuscript",manuscript = draft = text = typescript = document,The technical author submitted the finalized <b style='color:#0284c7'>manuscript</b> of the microservices handbook to the publishing editor.
Senior engineers provided a constructive <span class='blank'>______</span> of the proposed backend caching architecture during sprint review.,Media &amp; Publishing,critique,krɪˈtiːk,noun,"bài bình luận, nhận xét phê bình chuyên sâu","constructive critique, peer critique, detailed critique",critique = critical review = evaluation = appraisal = commentary,Senior engineers provided a constructive <b style='color:#0284c7'>critique</b> of the proposed backend caching architecture during sprint review.
"All courseware, code repositories, and video lectures on the platform are strictly protected by international <span class='blank'>______</span> laws.",Media &amp; Publishing,copyright,ˈkɒpiraɪt,noun,bản quyền tác giả bảo hộ tác phẩm trí tuệ,"copyright infringement, protected by copyright, hold the copyright",copyright = intellectual property rights = legal protection,"All courseware, code repositories, and video lectures on the platform are strictly protected by international <b style='color:#0284c7'>copyright</b> laws."
The technology documentary received widespread critical acclaim following its world <span class='blank'>______</span> at the film festival.,Media &amp; Publishing,premiere,ˈpremieər,noun,"buổi công chiếu, ra mắt lần đầu tiên","movie premiere, world premiere, attend the premiere",premiere = first showing = debut = unveiling = opening night,The technology documentary received widespread critical acclaim following its world <b style='color:#0284c7'>premiere</b> at the film festival.
Employees who need to schedule an annual preventive health checkup can book an <span class='blank'>______</span> through the corporate intranet.,Health &amp; Medical,appointment,əˈpɔɪntmənt,noun,cuộc hẹn khám bệnh hoặc gặp gỡ đối tác,"make an appointment, doctor's appointment, scheduled appointment",appointment = consultation = scheduled visit = rendezvous,Employees who need to schedule an annual preventive health checkup can book an <b style='color:#0284c7'>appointment</b> through the corporate intranet.
The site reliability engineer utilized tracing telemetry to <span class='blank'>______</span> the network latency bottlenecks.,Health &amp; Medical,diagnose,ˈdaɪəɡnəʊz,verb,chẩn đoán bệnh HOẶC bắt bệnh sự cố kỹ thuật,"diagnose an illness, correctly diagnose, diagnose a problem",diagnose = identify = analyze = pinpoint = detect,The site reliability engineer utilized tracing telemetry to <b style='color:#0284c7'>diagnose</b> the network latency bottlenecks.
Frequent database timeout errors were the first visible <span class='blank'>______</span> of runaway memory consumption.,Health &amp; Medical,symptom,ˈsɪmptəm,noun,triệu chứng lâm sàng HOẶC dấu hiệu cảnh báo sự cố,"show symptoms, mild symptoms, treat symptoms",symptom = sign = indication = warning signal = manifestation,Frequent database timeout errors were the first visible <b style='color:#0284c7'>symptom</b> of runaway memory consumption.
Food preparation facilities are inspected quarterly to ensure strict compliance with federal <span class='blank'>______</span> standards.,Health &amp; Medical,hygiene,ˈhaɪdʒiːn,noun,vệ sinh phòng dịch và sức khỏe cá nhân,"workplace hygiene, hygiene standards, oral hygiene",hygiene = cleanliness = sanitation = healthfulness,Food preparation facilities are inspected quarterly to ensure strict compliance with federal <b style='color:#0284c7'>hygiene</b> standards.
"Under our corporate comprehensive health plan, employees only pay a modest two-hundred-dollar annual <span class='blank'>______</span>.",Health &amp; Insurance,deductible,dɪˈdʌktəbl,noun,mức miễn bồi thường (khoản tiền người mua bảo hiểm phải tự trả trước),"annual deductible, high deductible, meet the deductible",deductible = out-of-pocket amount = initial threshold,"Under our corporate comprehensive health plan, employees only pay a modest two-hundred-dollar annual <b style='color:#0284c7'>deductible</b>."
The enterprise provides short-term and long-term <span class='blank'>______</span> benefits to protect employees who suffer medical injuries.,Health &amp; Insurance,disability,ˌdɪsəˈbɪləti,noun,"sự suy giảm khả năng lao động, tàn tật","disability insurance, short-term disability, physical disability",disability = handicap = impairment = incapacity,The enterprise provides short-term and long-term <b style='color:#0284c7'>disability</b> benefits to protect employees who suffer medical injuries.
The company subsidizes eighty percent of the monthly health insurance <span class='blank'>______</span> for all full-time software staff.,Health &amp; Insurance,premium,ˈpriːmiəm,noun,phí bảo hiểm định kỳ HOẶC mức phụ thu cao cấp,"insurance premium, monthly premium, pay a premium",premium = insurance installment = periodic payment = surcharge,The company subsidizes eighty percent of the monthly health insurance <b style='color:#0284c7'>premium</b> for all full-time software staff.
The physician <span class='blank'>______</span> an anti-inflammatory medication to alleviate the patient's acute joint discomfort.,Health &amp; Medical,prescribe,prɪˈskraɪb,verb,kê đơn thuốc HOẶC quy định điều kiện thi hành,"prescribe medication, as prescribed by, doctor prescribes",prescribe = order = authorize = dictate = recommend,The physician <b style='color:#0284c7'>prescribed</b> an anti-inflammatory medication to alleviate the patient's acute joint discomfort.
You can pick up your prescribed allergy medications from the university hospital <span class='blank'>______</span> anytime after 2:00 PM.,Health &amp; Medical,pharmacy,ˈfɑːməsi,noun,"nhà thuốc, quầy dược phẩm","local pharmacy, pharmacy counter, retail pharmacy",pharmacy = drugstore = chemist = apothecary,You can pick up your prescribed allergy medications from the university hospital <b style='color:#0284c7'>pharmacy</b> anytime after 2:00 PM.
Please consult your healthcare provider or pharmacist regarding potential interactions with other daily <span class='blank'>______</span>.,Health &amp; Medical,medication,ˌmedɪˈkeɪʃn,noun,thuốc men điều trị bệnh tật,"take medication, prescribed medication, daily medication",medication = medicine = drug = pharmaceutical = remedy,Please consult your healthcare provider or pharmacist regarding potential interactions with other daily <b style='color:#0284c7'>medications</b>.
Securing the government cloud hosting deal proved to be an exceptionally <span class='blank'>______</span> contract for our enterprise.,General Business,lucrative,ˈluːkrətɪv,adjective,"sinh lợi cao, béo bở, đem lại nhiều tiền của","lucrative contract, lucrative market, highly lucrative",lucrative = profitable = rewarding = money-spinning,Securing the government cloud hosting deal proved to be an exceptionally <b style='color:#0284c7'>lucrative</b> contract for our enterprise.
"The new subscription offering experienced <span class='blank'>______</span> demand, attracting one million users within its first month.",General Business,unprecedented,ʌnˈpresɪdentɪd,adjective,"chưa từng có tiền lệ, phá vỡ mọi kỷ lục trước đó","unprecedented growth, unprecedented success, unprecedented demand",unprecedented = record-breaking = unparalleled = novel = unique,"The new subscription offering experienced <b style='color:#0284c7'>unprecedented</b> demand, attracting one million users within its first month."
It is <span class='blank'>______</span> that all engineers apply the latest operating system security patches to prevent potential exploits.,General Business,imperative,ɪmˈperətɪv,adjective,"cực kỳ cấp thiết, bắt buộc không thể trì hoãn","it is imperative that, business imperative, strategic imperative",imperative = vital = urgent = essential = mandatory = crucial,It is <b style='color:#0284c7'>imperative</b> that all engineers apply the latest operating system security patches to prevent potential exploits.
The technical support team was recognized for providing <span class='blank'>______</span> service during the cloud migration rollout.,General Business,exemplary,ɪɡˈzempləri,adjective,"gương mẫu, mẫu mực xuất sắc đáng noi theo","exemplary service, exemplary performance, exemplary record",exemplary = model = commendable = praiseworthy = outstanding,The technical support team was recognized for providing <b style='color:#0284c7'>exemplary</b> service during the cloud migration rollout.
<span class='blank'>______</span> benchmark results indicate that switching to asynchronous I/O reduced server response latency by forty percent.,General Business,preliminary,prɪˈlɪmɪnəri,adjective,"sơ bộ, bước đầu chuẩn bị trước","preliminary findings, preliminary results, preliminary stage",preliminary = initial = introductory = exploratory = tentative,<b style='color:#0284c7'>Preliminary</b> benchmark results indicate that switching to asynchronous I/O reduced server response latency by forty percent.
"During her five-year <span class='blank'>______</span> as Chief Information Officer, the enterprise completed its full migration to the cloud.",Corporate Operations,tenure,ˈtenjər,noun,"thời gian tại vị, thâm niên công tác","during his tenure, long tenure, secure tenure",tenure = term of office = period in service = incumbency,"During her five-year <b style='color:#0284c7'>tenure</b> as Chief Information Officer, the enterprise completed its full migration to the cloud."
Healthcare applications must comply with <span class='blank'>______</span> data privacy standards before receiving production certification.,Corporate Operations,stringent,ˈstrɪndʒənt,adjective,"nghiêm ngặt, chặt chẽ (tiêu chuẩn, quy định, kiểm tra)","stringent regulations, stringent standards, stringent safety measures",stringent = strict = rigorous = demanding = tight,Healthcare applications must comply with <b style='color:#0284c7'>stringent</b> data privacy standards before receiving production certification.
The new administration voted to <span class='blank'>______</span> unnecessary paper requisition forms in favor of digital approvals.,Corporate Operations,abolish,əˈbɒlɪʃ,verb,"bãi bỏ, hủy bỏ (chính sách, phí, thủ tục rườm rà)","abolish a policy, abolish fees, completely abolish",abolish = eliminate = do away with = cancel = scrap,The new administration voted to <b style='color:#0284c7'>abolish</b> unnecessary paper requisition forms in favor of digital approvals.
Recent cybersecurity legislation <span class='blank'>______</span> that all financial platforms implement hardware-token verification.,Corporate Operations,mandate,ˈmændeɪt,verb,"ra lệnh, bắt buộc thi hành theo luật","mandate compliance, federally mandated, mandate that",mandate = require = order = command = decree,Recent cybersecurity legislation <b style='color:#0284c7'>mandates</b> that all financial platforms implement hardware-token verification.
Only <span class='blank'>______</span> system administrators are permitted to modify access control lists on the production database.,Corporate Operations,authorize,ˈɔːθəraɪz,verb,"cấp quyền chính thức, phê duyệt ủy quyền","authorize payment, authorized personnel, authorize access",authorize = approve = permit = sanction = empower,Only <b style='color:#0284c7'>authorized</b> system administrators are permitted to modify access control lists on the production database.
The software vendor agreed to <span class='blank'>______</span> the initial onboarding setup fee for customers signing a three-year contract.,Corporate Operations,waive,weɪv,verb,"từ bỏ, miễn trừ (phí, quyền lợi, yêu cầu)","waive a fee, waive requirements, waive rights",waive = surrender = relinquish = forgo = dispense with,The software vendor agreed to <b style='color:#0284c7'>waive</b> the initial onboarding setup fee for customers signing a three-year contract.
Maintaining customer data confidentiality is of <span class='blank'>______</span> importance to our financial technology platform.,Corporate Operations,paramount,ˈpærəmaʊnt,adjective,"tối quan trọng, có ý nghĩa tối thượng","paramount importance, of paramount concern, paramount priority",paramount = supreme = chief = predominant = foremost,Maintaining customer data confidentiality is of <b style='color:#0284c7'>paramount</b> importance to our financial technology platform.
The lead quality assurance engineer conducted a <span class='blank'>______</span> inspection of every edge-case code path.,Corporate Operations,meticulous,məˈtɪkjələs,adjective,"tỉ mỉ, cẩn thận từng chi tiết nhỏ","meticulous attention to detail, meticulous planning, meticulous research",meticulous = thorough = painstaking = diligent = precise,The lead quality assurance engineer conducted a <b style='color:#0284c7'>meticulous</b> inspection of every edge-case code path.
The initial software release contained several minor bugs that were corrected in <span class='blank'>______</span> maintenance updates.,Corporate Operations,subsequent,ˈsʌbsɪkwənt,adjective,"xảy ra sau đó, theo sau một sự kiện","subsequent years, subsequent to, subsequent investigation",subsequent = following = succeeding = ensuing = later,The initial software release contained several minor bugs that were corrected in <b style='color:#0284c7'>subsequent</b> maintenance updates.
The system failure was traced back to an <span class='blank'>______</span> typographical error in the firewall routing table.,Corporate Operations,inadvertent,ˌɪnədˈvɜːtənt,adjective,"vô tình, không cố ý, do sơ suất","inadvertent error, inadvertent omission, inadvertent mistake",inadvertent = unintentional = accidental = unintended,The system failure was traced back to an <b style='color:#0284c7'>inadvertent</b> typographical error in the firewall routing table.
"Due to the <span class='blank'>______</span> release of the new operating system, our engineering team accelerated compatibility testing.",Corporate Operations,imminent,ˈɪmɪnənt,adjective,"sắp xảy ra đến nơi, cận kề trước mắt","imminent arrival, in imminent danger, imminent release",imminent = impending = looming = upcoming = close at hand,"Due to the <b style='color:#0284c7'>imminent</b> release of the new operating system, our engineering team accelerated compatibility testing."
Emergency exit instructions and fire alarm switches must be posted in a <span class='blank'>______</span> location on each floor.,Corporate Operations,conspicuous,kənˈspɪkjuəs,adjective,"dễ thấy, nổi bật, đập ngay vào mắt","conspicuous place, conspicuous success, conspicuously absent",conspicuous = noticeable = prominent = obvious = evident,Emergency exit instructions and fire alarm switches must be posted in a <b style='color:#0284c7'>conspicuous</b> location on each floor.
The regulatory board granted <span class='blank'>______</span> approval for the new medical diagnostic algorithm pending field trials.,Corporate Operations,provisional,prəˈvɪʒənl,adjective,"tạm thời, có giá trị lâm thời chờ quyết định chính thức","provisional approval, provisional patent, provisional schedule",provisional = temporary = interim = conditional = tentative,The regulatory board granted <b style='color:#0284c7'>provisional</b> approval for the new medical diagnostic algorithm pending field trials.
Automated continuous integration software has become an <span class='blank'>______</span> tool for distributed developer teams.,Corporate Operations,indispensable,ˌɪndɪˈspensəbl,adjective,"không thể thiếu được, tối cần thiết","indispensable tool, indispensable member, prove indispensable",indispensable = essential = vital = crucial = irreplaceable,Automated continuous integration software has become an <b style='color:#0284c7'>indispensable</b> tool for distributed developer teams.
Several <span class='blank'>______</span> venture capitalists spoke at the opening plenary of the international tech summit.,Corporate Operations,prominent,ˈprɒmɪnənt,adjective,"xuất chúng, lỗi lạc, có vị thế lớn trong ngành","prominent figure, prominent role, prominent position",prominent = distinguished = renowned = eminent = famous,Several <b style='color:#0284c7'>prominent</b> venture capitalists spoke at the opening plenary of the international tech summit.
All new aerospace software algorithms must pass <span class='blank'>______</span> simulation tests prior to deployment on flight hardware.,Corporate Operations,rigorous,ˈrɪɡərəs,adjective,"khắt khe, nghiêm ngặt, chuẩn xác","rigorous testing, rigorous standards, rigorous training",rigorous = strict = thorough = exacting = stringent,All new aerospace software algorithms must pass <b style='color:#0284c7'>rigorous</b> simulation tests prior to deployment on flight hardware.
Engineers deployed an in-memory Redis cache to resolve <span class='blank'>______</span> database connection saturation during peak hours.,Corporate Operations,persistent,pəˈsɪstənt,adjective,"kiên trì, bền bỉ HOẶC kéo dài liên tục không dứt","persistent problem, persistent efforts, persistent latency",persistent = continuous = unrelenting = enduring = persevering,Engineers deployed an in-memory Redis cache to resolve <b style='color:#0284c7'>persistent</b> database connection saturation during peak hours.
The development squad <span class='blank'>______</span> all sprint deliverables ahead of schedule.,General Business,accomplish,əˈkʌmplɪʃ,verb,hoàn thành xuất sắc mục tiêu đề ra,"accomplish a goal, accomplish a task",accomplish = achieve = fulfill = complete = attain,The development squad <b style='color:#0284c7'>accomplished</b> all sprint deliverables ahead of schedule.
The technology park provides <span class='blank'>______</span> opportunities for collaborative software research.,General Business,abundant,əˈbʌndənt,adjective,"dồi dào, phong phú, nhiều nguồn lực","abundant resources, abundant opportunities",abundant = plentiful = copious = ample = rich,The technology park provides <b style='color:#0284c7'>abundant</b> opportunities for collaborative software research.
Automated regression tests helped <span class='blank'>______</span> our product deployment cadence.,General Business,accelerate,əkˈseləreɪt,verb,"tăng tốc, thúc đẩy tiến độ nhanh hơn","accelerate growth, accelerate development",accelerate = hasten = speed up = expedite = quicken,Automated regression tests helped <b style='color:#0284c7'>accelerate</b> our product deployment cadence.
Please <span class='blank'>______</span> receipt of the attached contract by replying to this email.,General Business,acknowledge,əkˈnɒlɪdʒ,verb,xác nhận đã nhận được thư/hóa đơn hoặc công nhận,"acknowledge receipt, acknowledge contributions",acknowledge = confirm = recognize = admit = accept,Please <b style='color:#0284c7'>acknowledge</b> receipt of the attached contract by replying to this email.
The company ensured <span class='blank'>______</span> server redundancy before the marketing campaign launched.,General Business,adequate,ˈædɪkwət,adjective,"đầy đủ, thỏa đáng, đáp ứng đúng yêu cầu","adequate resources, adequate preparation",adequate = sufficient = enough = satisfactory = ample,The company ensured <b style='color:#0284c7'>adequate</b> server redundancy before the marketing campaign launched.
The committee voted to <span class='blank'>______</span> the bylaws regarding remote board voting.,General Business,amend,əˈmend,verb,"sửa đổi, điều chỉnh điều khoản văn bản","amend a contract, amend regulations, amend policy",amend = revise = alter = modify = update,The committee voted to <b style='color:#0284c7'>amend</b> the bylaws regarding remote board voting.
Cleanroom technicians must wear static-dissipative protective <span class='blank'>______</span> at all times.,General Business,apparel,əˈpærəl,noun,trang phục may mặc thương mại,"protective apparel, casual apparel, retail apparel",apparel = clothing = garments = attire = dress,Cleanroom technicians must wear static-dissipative protective <b style='color:#0284c7'>apparel</b> at all times.
The board of directors <span class='blank'>______</span> Ms. Clark as the interim chief financial officer.,General Business,appoint,əˈpɔɪnt,verb,bổ nhiệm vào chức vụ chính thức,"appoint a director, newly appointed",appoint = designate = name = assign = nominate,The board of directors <b style='color:#0284c7'>appointed</b> Ms. Clark as the interim chief financial officer.
An independent surveyor was hired to <span class='blank'>______</span> the commercial property before purchase.,General Business,appraise,əˈpreɪz,verb,định giá tài sản HOẶC đánh giá hiệu quả công việc,"appraise property, appraise performance",appraise = evaluate = assess = value = judge,An independent surveyor was hired to <b style='color:#0284c7'>appraise</b> the commercial property before purchase.
The candidate demonstrated an exceptional <span class='blank'>______</span> for distributed systems programming.,General Business,aptitude,ˈæptɪtjuːd,noun,"năng khiếu, khả năng tiếp thu tự nhiên","technical aptitude, show an aptitude for",aptitude = talent = gift = knack = flair,The candidate demonstrated an exceptional <b style='color:#0284c7'>aptitude</b> for distributed systems programming.
The leadership development program supports employees with executive career <span class='blank'>______</span>.,General Business,aspiration,ˌæspəˈreɪʃn,noun,"nguyện vọng, khát vọng thăng tiến","career aspirations, express aspirations",aspiration = ambition = goal = aim = desire,The leadership development program supports employees with executive career <b style='color:#0284c7'>aspirations</b>.
"With disciplined daily practice, software engineers can <span class='blank'>______</span> an 850+ TOEIC score.",General Business,attain,əˈteɪn,verb,đạt được mục tiêu sau nhiều nỗ lực,"attain a goal, attain success, attain high scores",attain = reach = achieve = accomplish = gain,"With disciplined daily practice, software engineers can <b style='color:#0284c7'>attain</b> an 850+ TOEIC score."
Interest will <span class='blank'>______</span> on the corporate loan balance starting on the first day of next month.,Accounting &amp; Finance,accrue,əˈkruː,verb,"dồn tích, tích lũy theo thời gian (tiền lãi, ngày phép)","accrue interest, accrued leave, accrued expenses",accrue = accumulate = build up = grow = amass,Interest will <b style='color:#0284c7'>accrue</b> on the corporate loan balance starting on the first day of next month.
Accounts thirty days in <span class='blank'>______</span> will be assessed a two percent late administrative fee.,Accounting &amp; Finance,arrears,əˈrɪəz,noun,khoản tiền nợ quá hạn chưa thanh toán,"in arrears, rent in arrears, clear arrears",arrears = overdue debt = outstanding payments = late balance,Accounts thirty days in <b style='color:#0284c7'>arrears</b> will be assessed a two percent late administrative fee.
Intellectual property and proprietary software code are our company's most valuable <span class='blank'>______</span>.,Accounting &amp; Finance,asset,ˈæset,noun,tài sản có giá trị của doanh nghiệp,"liquid assets, fixed assets, intangible assets",asset = property = resource = holding = capital,Intellectual property and proprietary software code are our company's most valuable <b style='color:#0284c7'>assets</b>.
The external accounting firm completed its annual <span class='blank'>______</span> without identifying discrepancies.,Accounting &amp; Finance,audit,ˈɔːdɪt,noun,"cuộc kiểm toán, rà soát sổ sách tài chính","conduct an audit, annual audit, internal audit",audit = inspection = examination = review = scrutiny,The external accounting firm completed its annual <b style='color:#0284c7'>audit</b> without identifying discrepancies.
"After three consecutive years of heavy losses, the retail chain filed for corporate <span class='blank'>______</span>.",Accounting &amp; Finance,bankruptcy,ˈbæŋkrʌptsi,noun,"tình trạng phá sản, mất khả năng trả nợ","file for bankruptcy, face bankruptcy, avoid bankruptcy",bankruptcy = insolvency = liquidation = ruin = failure,"After three consecutive years of heavy losses, the retail chain filed for corporate <b style='color:#0284c7'>bankruptcy</b>."
The engineering team delivered the microservices platform well within the approved <span class='blank'>______</span>.,Accounting &amp; Finance,budget,ˈbʌdʒɪt,noun,ngân sách dự toán chi tiêu,"annual budget, allocate budget, stay within budget",budget = financial plan = funds = allocation,The engineering team delivered the microservices platform well within the approved <b style='color:#0284c7'>budget</b>.
The artificial intelligence startup secured twenty million dollars in series-B venture <span class='blank'>______</span>.,Accounting &amp; Finance,capital,ˈkæpɪtl,noun,nguồn vốn đầu tư kinh doanh,"venture capital, raise capital, working capital",capital = funds = finance = principal = investment money,The artificial intelligence startup secured twenty million dollars in series-B venture <b style='color:#0284c7'>capital</b>.
"To preserve quarterly cash flow, executive leadership voted to <span class='blank'>______</span> non-essential travel.",Accounting &amp; Finance,curtail,kɜːˈteɪl,verb,"cắt giảm, hạn chế bớt chi tiêu/hoạt động","curtail spending, curtail expenses, curtail activities",curtail = cut back = reduce = trim = decrease,"To preserve quarterly cash flow, executive leadership voted to <b style='color:#0284c7'>curtail</b> non-essential travel."
The finance department authorized the immediate <span class='blank'>______</span> of research grant funds.,Accounting &amp; Finance,disbursement,dɪsˈbɜːsmənt,noun,sự giải ngân tiền từ tài khoản/quỹ,"disbursement of funds, loan disbursement, prompt disbursement",disbursement = payment = outlay = payout = distribution,The finance department authorized the immediate <b style='color:#0284c7'>disbursement</b> of research grant funds.
Senior software engineers were granted <span class='blank'>______</span> stakes in the company as part of their compensation.,Accounting &amp; Finance,equity,ˈekwəti,noun,vốn chủ sở hữu HOẶC cổ phần công ty,"private equity, employee equity, equity stake",equity = ownership = shares = stock = net worth,Senior software engineers were granted <b style='color:#0284c7'>equity</b> stakes in the company as part of their compensation.
The audited balance sheet for <span class='blank'>______</span> year 2024 will be presented at the annual meeting.,Accounting &amp; Finance,fiscal,ˈfɪskl,adjective,"thuộc về tài khóa, năm tài chính","fiscal year, fiscal policy, fiscal quarter",fiscal = financial = monetary = budgetary,The audited balance sheet for <b style='color:#0284c7'>fiscal</b> year 2024 will be presented at the annual meeting.
The cloud software platform posted <span class='blank'>______</span> revenues exceeding one hundred million dollars.,Accounting &amp; Finance,gross,ɡrəʊs,adjective,tổng thu nhập gộp (chưa trừ thuế và chi phí),"gross revenue, gross profit, gross income",gross = total = before deductions = overall = whole,The cloud software platform posted <b style='color:#0284c7'>gross</b> revenues exceeding one hundred million dollars.
The logistics provider was declared <span class='blank'>______</span> after failing to restructure its bond debt.,Accounting &amp; Finance,insolvent,ɪnˈsɒlvənt,adjective,mất khả năng thanh toán nợ đến hạn,"become insolvent, technically insolvent, declared insolvent",insolvent = bankrupt = broke = ruined = in default,The logistics provider was declared <b style='color:#0284c7'>insolvent</b> after failing to restructure its bond debt.
The enterprise reported a record <span class='blank'>______</span> profit margin of twenty-four percent this quarter.,Accounting &amp; Finance,net,net,adjective,"thuần, thực thu (sau khi đã trừ hết mọi chi phí và thuế)","net profit, net income, net earnings",net = after deductions = final = clear = remaining,The enterprise reported a record <b style='color:#0284c7'>net</b> profit margin of twenty-four percent this quarter.
The corporate treasury maintains an automated <span class='blank'>______</span> protection facility with Citibank.,Accounting &amp; Finance,overdraft,ˈəʊvədrɑːft,noun,khoản tiền thấu chi vượt số dư tài khoản,"overdraft protection, bank overdraft, overdraft fee",overdraft = account deficit = deficit balance,The corporate treasury maintains an automated <b style='color:#0284c7'>overdraft</b> protection facility with Citibank.
Automating monthly bank <span class='blank'>______</span> saved our finance staff twenty hours per closing cycle.,Accounting &amp; Finance,reconciliation,ˌrekənsɪliˈeɪʃn,noun,sự đối soát số liệu sổ sách kế toán,"bank reconciliation, account reconciliation, monthly reconciliation",reconciliation = balancing = matching = alignment = settlement,Automating monthly bank <b style='color:#0284c7'>reconciliation</b> saved our finance staff twenty hours per closing cycle.
Flexible remote working policies contributed to a significant decline in workplace <span class='blank'>______</span>.,Human Resources,absenteeism,ˌæbsənˈtiːɪzəm,noun,tình trạng nhân viên vắng mặt thường xuyên,"workplace absenteeism, reduce absenteeism, high absenteeism",absenteeism = non-attendance = missing work = truancy,Flexible remote working policies contributed to a significant decline in workplace <b style='color:#0284c7'>absenteeism</b>.
Employees can update their designated life insurance <span class='blank'>______</span> through the HR self-service portal.,Human Resources,beneficiary,ˌbenɪˈfɪʃəri,noun,người thụ hưởng quyền lợi bảo hiểm/thừa kế,"designated beneficiary, primary beneficiary, insurance beneficiary",beneficiary = recipient = inheritor = heir = payee,Employees can update their designated life insurance <b style='color:#0284c7'>beneficiary</b> through the HR self-service portal.
The hiring committee unanimously selected Ms. Rodriguez as the strongest engineering <span class='blank'>______</span>.,Human Resources,candidate,ˈkændɪdət,noun,ứng cử viên sáng giá cho vị trí công việc,"ideal candidate, qualified candidate, shortlist candidates",candidate = applicant = job seeker = contender = prospect,The hiring committee unanimously selected Ms. Rodriguez as the strongest engineering <b style='color:#0284c7'>candidate</b>.
Applicants for the research position must attach a comprehensive <span class='blank'>______</span> with publication links.,Human Resources,curriculum vitae,kəˌrɪkjələm ˈviːtaɪ,noun,bản sơ yếu lý lịch quá trình học tập và công tác (CV),"submit a curriculum vitae, updated curriculum vitae",curriculum vitae = CV = resume = career summary,Applicants for the research position must attach a comprehensive <b style='color:#0284c7'>curriculum vitae</b> with publication links.
Deliberate unauthorized copying of customer records constitutes valid grounds for immediate <span class='blank'>______</span>.,Human Resources,dismissal,dɪsˈmɪsl,noun,"sự sa thải, cho thôi việc do vi phạm","unfair dismissal, grounds for dismissal, summary dismissal",dismissal = discharge = termination = firing = sacking,Deliberate unauthorized copying of customer records constitutes valid grounds for immediate <b style='color:#0284c7'>dismissal</b>.
The sales division implemented a quarterly performance <span class='blank'>______</span> that doubled lead conversions.,Human Resources,incentive,ɪnˈsentɪv,noun,"phần thưởng khích lệ, động lực kích thích hiệu suất","financial incentive, performance incentive, incentive program",incentive = motivation = bonus = stimulus = reward,The sales division implemented a quarterly performance <b style='color:#0284c7'>incentive</b> that doubled lead conversions.
Newly recruited engineers receive regular feedback from senior leads throughout their <span class='blank'>______</span>.,Human Resources,probation,prəˈbeɪʃn,noun,thời gian thử việc xem xét tư cách nhân viên mới,"on probation, three-month probation, probation period",probation = trial period = evaluation period = test run,Newly recruited engineers receive regular feedback from senior leads throughout their <b style='color:#0284c7'>probation</b>.
Executive <span class='blank'>______</span> packages are tied directly to company growth and customer retention metrics.,Human Resources,remuneration,rɪˌmjuːnəˈreɪʃn,noun,"tiền thù lao, mức chi trả công sức lao động","adequate remuneration, total remuneration, competitive remuneration",remuneration = compensation = pay = salary = reward,Executive <b style='color:#0284c7'>remuneration</b> packages are tied directly to company growth and customer retention metrics.
Over five hundred tech bloggers participate in our global cloud software <span class='blank'>______</span> program.,Marketing &amp; Sales,affiliate,əˈfɪlieɪt,noun,đối tác liên kết tiếp thị chia sẻ doanh thu,"affiliate marketing, regional affiliate, affiliate program",affiliate = partner = associate = subsidiary = branch,Over five hundred tech bloggers participate in our global cloud software <b style='color:#0284c7'>affiliate</b> program.
The marketing department reserved prominent digital <span class='blank'>______</span> along major commuter routes.,Marketing &amp; Sales,billboard,ˈbɪlbɔːd,noun,biển quảng cáo tấm lớn ngoài trời,"highway billboard, digital billboard, advertise on billboards",billboard = hoarding = outdoor sign = display board,The marketing department reserved prominent digital <b style='color:#0284c7'>billboards</b> along major commuter routes.
Smoking and open flames are strictly prohibited on all company <span class='blank'>______</span>.,Real Estate &amp; Leasing,premises,ˈpremɪsɪz,noun,"mặt bằng cơ sở kinh doanh, khuôn viên công ty","on the premises, commercial premises, business premises",premises = building = property = facility = site,Smoking and open flames are strictly prohibited on all company <b style='color:#0284c7'>premises</b>.
The tenant notified the commercial <span class='blank'>______</span> of water leakage above the fourth floor.,Real Estate &amp; Leasing,landlord,ˈlændlɔːd,noun,chủ sở hữu bất động sản cho thuê,"commercial landlord, notify the landlord, landlord agreement",landlord = property owner = lessor = proprietor,The tenant notified the commercial <b style='color:#0284c7'>landlord</b> of water leakage above the fourth floor.
"Under the terms of the master contract, tenants may not <span class='blank'>______</span> office suites without written consent.",Real Estate &amp; Leasing,sublet,ˌsʌbˈlet,verb,cho thuê lại một phần mặt bằng cho bên thứ ba,"sublet an office, permission to sublet",sublet = sub-lease = re-rent,"Under the terms of the master contract, tenants may not <b style='color:#0284c7'>sublet</b> office suites without written consent."
The lease states that all permanently attached lighting <span class='blank'>______</span> remain the property of the landlord.,Real Estate &amp; Leasing,fixture,ˈfɪkstʃər,noun,"vật cố định gắn liền với tòa nhà (đèn, ống nước)","fixtures and fittings, permanent fixtures, lighting fixtures",fixture = permanent equipment = fitting = installation,The lease states that all permanently attached lighting <b style='color:#0284c7'>fixtures</b> remain the property of the landlord.
The research and development engineers demonstrated a functional <span class='blank'>______</span> of the IoT sensor.,Manufacturing &amp; Compliance,prototype,ˈprəʊtətaɪp,noun,mẫu thử nghiệm đầu tiên của sản phẩm phần cứng/phần mềm,"working prototype, functional prototype, test a prototype",prototype = early model = archetype = sample = mock-up,The research and development engineers demonstrated a functional <b style='color:#0284c7'>prototype</b> of the IoT sensor.
Robotic milling cutters maintain an ultra-tight machining <span class='blank'>______</span> of five micrometers.,Manufacturing &amp; Compliance,tolerance,ˈtɒlərəns,noun,dung sai cho phép trong gia công cơ khí chính xác,"tight tolerance, manufacturing tolerance, error tolerance",tolerance = allowable deviation = margin of error = clearance,Robotic milling cutters maintain an ultra-tight machining <b style='color:#0284c7'>tolerance</b> of five micrometers.
Sensors along the automated <span class='blank'>______</span> belt detect and eject misaligned circuit boards.,Manufacturing &amp; Compliance,conveyor,kənˈveɪər,noun,băng chuyền vận chuyển linh kiện trong nhà máy,"conveyor belt, automated conveyor, conveyor system",conveyor = mechanical transporter = assembly belt = feeder,Sensors along the automated <b style='color:#0284c7'>conveyor</b> belt detect and eject misaligned circuit boards.
Automating manual solder inspection resolved the primary production <span class='blank'>______</span> in the factory.,Manufacturing &amp; Compliance,bottleneck,ˈbɒtlnek,noun,nút thắt cổ chai gây tắc nghẽn cả dây chuyền,"production bottleneck, identify bottlenecks, bottleneck in the process",bottleneck = congestion point = choke point = delay source,Automating manual solder inspection resolved the primary production <b style='color:#0284c7'>bottleneck</b> in the factory.
Laser calibration ensures maximum <span class='blank'>______</span> during the microchip photolithography process.,Manufacturing &amp; Compliance,precision,prɪˈsɪʒn,noun,độ chính xác tuyệt đối trong đo đạc và gia công,"high precision, precision engineering, precision instruments",precision = exactness = accuracy = meticulousness = fidelity,Laser calibration ensures maximum <b style='color:#0284c7'>precision</b> during the microchip photolithography process.
The air cargo consignment cleared international <span class='blank'>______</span> inspection without delay.,Shipping &amp; Logistics,customs,ˈkʌstəmz,noun,"cơ quan hải quan, thủ tục thông quan hàng hóa","clear customs, customs declaration, customs duty",customs = border control = tariff bureau = import agency,The air cargo consignment cleared international <b style='color:#0284c7'>customs</b> inspection without delay.
The massive container <span class='blank'>______</span> docked at the port of Singapore to discharge European freight.,Shipping &amp; Logistics,vessel,ˈvesl,noun,tàu biển chuyên chở hàng hóa đường dài,"cargo vessel, container vessel, ocean vessel",vessel = cargo ship = craft = ocean freighter,The massive container <b style='color:#0284c7'>vessel</b> docked at the port of Singapore to discharge European freight.
Forklift operators organized the shrink-wrapped server crates neatly onto heavy-duty <span class='blank'>______</span>.,Shipping &amp; Logistics,pallet,ˈpælət,noun,tấm nâng hàng bằng gỗ để bốc xếp bằng xe nâng,"wooden pallet, stack on pallets, shrink-wrapped pallet",pallet = skid = loading platform = cargo tray,Forklift operators organized the shrink-wrapped server crates neatly onto heavy-duty <b style='color:#0284c7'>pallets</b>.
Each fragile optical microscope was secured inside a foam-padded wooden <span class='blank'>______</span> for transit.,Shipping &amp; Logistics,crate,kreɪt,noun,thùng gỗ chắc chắn để đóng gói máy móc nặng,"wooden crate, pack in crates, shipping crate",crate = packing case = shipping box = sturdy container,Each fragile optical microscope was secured inside a foam-padded wooden <b style='color:#0284c7'>crate</b> for transit.
The company contracts an independent road <span class='blank'>______</span> firm for overland deliveries across North America.,Shipping &amp; Logistics,haulage,ˈhɔːlɪdʒ,noun,cước phí vận tải hoặc dịch vụ chuyên chở đường bộ,"freight haulage, road haulage, haulage contractor",haulage = trucking = transport = carriage = cartage,The company contracts an independent road <b style='color:#0284c7'>haulage</b> firm for overland deliveries across North America.
The municipality issued ten-year green <span class='blank'>______</span> to finance public electric transit infrastructure.,Banking &amp; Finance,bond,bɒnd,noun,trái phiếu chính phủ hoặc trái phiếu doanh nghiệp,"government bond, corporate bond, bond market",bond = debenture = security = promissory note = debt instrument,The municipality issued ten-year green <b style='color:#0284c7'>bonds</b> to finance public electric transit infrastructure.
Enterprise SaaS companies with sticky subscription cash flows remained resilient during the <span class='blank'>______</span>.,Banking &amp; Finance,recession,rɪˈseʃn,noun,thời kỳ suy thoái kinh tế,"economic recession, enter a recession, global recession",recession = economic downturn = slump = depression = contraction,Enterprise SaaS companies with sticky subscription cash flows remained resilient during the <b style='color:#0284c7'>recession</b>.
Central banks adjusted interest rates upward to curb persistent post-pandemic <span class='blank'>______</span>.,Banking &amp; Finance,inflation,ɪnˈfleɪʃn,noun,"lạm phát, sự gia tăng mức giá chung","rate of inflation, combat inflation, high inflation",inflation = price escalation = currency devaluation,Central banks adjusted interest rates upward to curb persistent post-pandemic <b style='color:#0284c7'>inflation</b>.
Corporate treasurers are prohibited from <span class='blank'>______</span> on volatile foreign exchange derivatives.,Banking &amp; Finance,speculate,ˈspekjuleɪt,verb,đầu cơ tài chính kiếm lời HOẶC suy đoán xu hướng,"speculate on, speculate on currencies, financial speculation",speculate = trade riskily = gamble = theorize = conjecture,Corporate treasurers are prohibited from <b style='color:#0284c7'>speculating</b> on volatile foreign exchange derivatives.
The airline used commodity futures contracts to <span class='blank'>______</span> against sharp jet fuel price spikes.,Banking &amp; Finance,hedge,hedʒ,verb,phòng hộ rủi ro tài chính (bằng các hợp đồng tương lai),"hedge against risk, hedge against inflation, currency hedge",hedge = safeguard = protect = insulate = counterbalance,The airline used commodity futures contracts to <b style='color:#0284c7'>hedge</b> against sharp jet fuel price spikes.
Investors receive their full principal investment upon the certificate of deposit reaching <span class='blank'>______</span>.,Banking &amp; Finance,maturity,məˈtʃʊərəti,noun,ngày đáo hạn của hợp đồng vay/trái phiếu,"date of maturity, reach maturity, bond maturity",maturity = expiration date = due date = term end,Investors receive their full principal investment upon the certificate of deposit reaching <b style='color:#0284c7'>maturity</b>.
The software vendor agreed to <span class='blank'>______</span> the enterprise client against third-party patent claims.,Contracts &amp; Agreements,indemnify,ɪnˈdemnɪfaɪ,verb,"bồi thường thiệt hại, cam đoan bảo đảm vô hại","indemnify against loss, agree to indemnify",indemnify = compensate = reimburse = hold harmless = protect,The software vendor agreed to <b style='color:#0284c7'>indemnify</b> the enterprise client against third-party patent claims.
The two competing technology firms settled their patent dispute out of court to avoid costly <span class='blank'>______</span>.,Contracts &amp; Agreements,litigation,ˌlɪtɪˈɡeɪʃn,noun,"vụ kiện tụng, quá trình tranh tụng trước tòa án","pending litigation, avoid litigation, commercial litigation",litigation = lawsuit = legal action = court dispute = judicial proceeding,The two competing technology firms settled their patent dispute out of court to avoid costly <b style='color:#0284c7'>litigation</b>.
The contract stipulates that any cross-border commercial disagreements must be resolved via binding <span class='blank'>______</span>.,Contracts &amp; Agreements,arbitration,ˌɑːbɪˈtreɪʃn,noun,sự phân xử của trọng tài thương mại độc lập,"binding arbitration, submit to arbitration, commercial arbitration",arbitration = mediation = dispute adjudication = conciliation,The contract stipulates that any cross-border commercial disagreements must be resolved via binding <b style='color:#0284c7'>arbitration</b>.
The executive employment contract included a non-compete <span class='blank'>______</span> lasting for twelve months.,Contracts &amp; Agreements,covenant,ˈkʌvənənt,noun,giao ước pháp lý mang tính cam kết bắt buộc,"restrictive covenant, breach of covenant, loan covenant",covenant = formal agreement = legal promise = pledge = bond,The executive employment contract included a non-compete <b style='color:#0284c7'>covenant</b> lasting for twelve months.
Any unauthorized modification to the signed lease agreement will render the entire contract <span class='blank'>______</span>.,Contracts &amp; Agreements,null and void,nʌl ənd vɔɪd,adjective,"vô hiệu lực hoàn toàn, không có giá trị pháp lý","rendered null and void, declared null and void",null and void = invalid = non-binding = canceled = inoperative,Any unauthorized modification to the signed lease agreement will render the entire contract <b style='color:#0284c7'>null and void</b>.
Employees returning from medical leave must provide a fitness-for-duty certificate from their licensed <span class='blank'>______</span>.,Health &amp; Medical,physician,fɪˈzɪʃn,noun,bác sĩ nội khoa điều trị,"consult a physician, attending physician, licensed physician",physician = medical doctor = doctor = clinician = practitioner,Employees returning from medical leave must provide a fitness-for-duty certificate from their licensed <b style='color:#0284c7'>physician</b>.
The corporate health benefit covers specialized ergonomic support for employees suffering from <span class='blank'>______</span> back strain.,Health &amp; Medical,chronic,ˈkrɒnɪk,adjective,"mãn tính, kéo dài dai dẳng (bệnh tật)","chronic illness, chronic condition, chronic pain",chronic = persistent = long-lasting = recurring = lingering,The corporate health benefit covers specialized ergonomic support for employees suffering from <b style='color:#0284c7'>chronic</b> back strain.
Patients must adhere strictly to the physician's prescribed <span class='blank'>______</span> instructions printed on the medicine label.,Health &amp; Medical,dosage,ˈdəʊsɪdʒ,noun,liều lượng thuốc dùng trong một lần/ngày,"prescribed dosage, correct dosage, daily dosage",dosage = dose = measure = quantity = administration,Patients must adhere strictly to the physician's prescribed <b style='color:#0284c7'>dosage</b> instructions printed on the medicine label.
The tech company operates an onsite wellness <span class='blank'>______</span> where employees can receive annual influenza vaccinations.,Health &amp; Medical,clinic,ˈklɪnɪk,noun,"phòng khám chuyên khoa, trạm y tế cơ quan","medical clinic, corporate health clinic, walk-in clinic",clinic = healthcare center = dispensary = infirmary,The tech company operates an onsite wellness <b style='color:#0284c7'>clinic</b> where employees can receive annual influenza vaccinations.
Over eight hundred distributed systems researchers attended the international cloud infrastructure <span class='blank'>______</span>.,Travel &amp; Hospitality,symposium,sɪmˈpəʊziəm,noun,hội nghị chuyên đề mang tính học thuật/kỹ thuật cao,"annual symposium, attend a symposium, international symposium",symposium = academic conference = colloquium = forum = seminar,Over eight hundred distributed systems researchers attended the international cloud infrastructure <b style='color:#0284c7'>symposium</b>.
The event coordinator hired an organic <span class='blank'>______</span> service to prepare lunch for the developer summit.,Travel &amp; Hospitality,catering,ˈkeɪtərɪŋ,noun,dịch vụ cung cấp tiệc ăn uống trọn gói,"catering service, corporate catering, outside catering",catering = food service = banquet provisioning = meal service,The event coordinator hired an organic <b style='color:#0284c7'>catering</b> service to prepare lunch for the developer summit.
Conference attendees are asked to declare any specialized <span class='blank'>______</span> restrictions during online registration.,Travel &amp; Hospitality,dietary,ˈdaɪətəri,adjective,thuộc về chế độ ăn uống kiêng cữ,"dietary requirements, dietary restrictions, dietary needs",dietary = nutritional = dietary preferences = food restrictions,Conference attendees are asked to declare any specialized <b style='color:#0284c7'>dietary</b> restrictions during online registration.
Our API gateway uses cryptographic JSON Web Tokens to <span class='blank'>______</span> every incoming client request.,Computers &amp; IT,authenticate,ɔːˈθentɪkeɪt,verb,xác thực danh tính người dùng hoặc thiết bị,"authenticate users, authenticate identity, successfully authenticate",authenticate = verify = validate = certify = confirm identity,Our API gateway uses cryptographic JSON Web Tokens to <b style='color:#0284c7'>authenticate</b> every incoming client request.
All customer account databases are stored with military-grade AES-256 at-rest <span class='blank'>______</span>.,Computers &amp; IT,encryption,ɪnˈkrɪpʃn,noun,sự mã hóa dữ liệu bảo vệ bí mật,"data encryption, end-to-end encryption, strong encryption",encryption = cryptographic protection = ciphering = encoding,All customer account databases are stored with military-grade AES-256 at-rest <b style='color:#0284c7'>encryption</b>.
Real-time <span class='blank'>______</span> dashboards alerted DevOps on-call engineers when server memory climbed past threshold.,Computers &amp; IT,telemetry,təˈlemətri,noun,hệ thống thu thập số liệu giám sát từ xa,"system telemetry, telemetry data, monitor telemetry",telemetry = remote monitoring = instrumentation = metric tracking,Real-time <b style='color:#0284c7'>telemetry</b> dashboards alerted DevOps on-call engineers when server memory climbed past threshold.
Designing <span class='blank'>______</span> microservices ensures that failure in one payment module does not bring down the platform.,Computers &amp; IT,resilient,rɪˈzɪliənt,adjective,có khả năng tự phục hồi nhanh sau sự cố,"resilient architecture, resilient systems, highly resilient",resilient = robust = fault-tolerant = durable = adaptable,Designing <b style='color:#0284c7'>resilient</b> microservices ensures that failure in one payment module does not bring down the platform.
All pull requests merged into the main Git <span class='blank'>______</span> must pass continuous automated integration checks.,Computers &amp; IT,repository,rɪˈpɒzətri,noun,kho lưu trữ mã nguồn hoặc cơ sở tri thức,"code repository, central repository, Git repository",repository = storage vault = archive = library = database,All pull requests merged into the main Git <b style='color:#0284c7'>repository</b> must pass continuous automated integration checks.
The two nations signed a landmark <span class='blank'>______</span> trade agreement to eliminate electronics tariffs.,Contracts &amp; Agreements,bilateral,ˌbaɪˈlætərəl,adjective,"song phương, có sự tham gia và ràng buộc của hai bên","bilateral agreement, bilateral trade, bilateral negotiations",bilateral = two-sided = mutual = joint,The two nations signed a landmark <b style='color:#0284c7'>bilateral</b> trade agreement to eliminate electronics tariffs.
Neither partner is permitted to make <span class='blank'>______</span> changes to the software architecture specification.,Contracts &amp; Agreements,unilateral,ˌjuːnɪˈlætərəl,adjective,đơn phương thực hiện từ một phía không có sự đồng thuận,"unilateral decision, unilateral action, unilateral termination",unilateral = one-sided = independent = autonomous,Neither partner is permitted to make <b style='color:#0284c7'>unilateral</b> changes to the software architecture specification.
Corporate attorneys verified the legal <span class='blank'>______</span> of the non-disclosure covenant across international jurisdictions.,Contracts &amp; Agreements,enforceability,ɪnˌfɔːsəˈbɪləti,noun,tính khả thi thi hành trước pháp luật của hợp đồng,"legal enforceability, challenge enforceability, ensure enforceability",enforceability = validity = legality = binding force,Corporate attorneys verified the legal <b style='color:#0284c7'>enforceability</b> of the non-disclosure covenant across international jurisdictions.
Discovery of fraudulent billing records led to the immediate judicial <span class='blank'>______</span> of the procurement contract.,Contracts &amp; Agreements,annulment,əˈnʌlmənt,noun,"sự bãi bỏ, tuyên bố khế ước hoàn toàn vô hiệu","annulment of a contract, seek annulment",annulment = nullification = invalidation = voiding = cancellation,Discovery of fraudulent billing records led to the immediate judicial <b style='color:#0284c7'>annulment</b> of the procurement contract.
Both tech firms agreed to enter confidential <span class='blank'>______</span> to resolve their proprietary patent infringement claim.,Contracts &amp; Agreements,mediation,ˌmiːdiˈeɪʃn,noun,quá trình hòa giải tranh chấp thương mại có bên thứ ba,"commercial mediation, resolve through mediation, mediation session",mediation = conciliation = arbitration = dispute resolution,Both tech firms agreed to enter confidential <b style='color:#0284c7'>mediation</b> to resolve their proprietary patent infringement claim.
The open-source AI release generated widespread international media <span class='blank'>______</span> for the startup.,Marketing &amp; Sales,publicity,pʌbˈlɪsəti,noun,"sự đưa tin rộng rãi của truyền thông, sự quảng bá","generate publicity, good publicity, adverse publicity",publicity = media attention = public exposure = coverage,The open-source AI release generated widespread international media <b style='color:#0284c7'>publicity</b> for the startup.
"Due to market <span class='blank'>______</span> in mature domestic sectors, the company expanded into emerging Southeast Asian economies.",Marketing &amp; Sales,saturation,ˌsætʃəˈreɪʃn,noun,sự bão hòa của thị trường khi lượng cung vượt cầu,"market saturation, reach saturation, point of saturation",saturation = full supply = surfeit = overload = glut,"Due to market <b style='color:#0284c7'>saturation</b> in mature domestic sectors, the company expanded into emerging Southeast Asian economies."
Attractive visual <span class='blank'>______</span> in electronics stores significantly stimulated consumer impulse purchases.,Marketing &amp; Sales,merchandising,ˈmɜːtʃəndaɪzɪŋ,noun,hoạt động trưng bày kích thích tiêu dùng tại điểm bán,"visual merchandising, retail merchandising, merchandising display",merchandising = sales promotion = product presentation,Attractive visual <b style='color:#0284c7'>merchandising</b> in electronics stores significantly stimulated consumer impulse purchases.
Our developer rewards <span class='blank'>______</span> program offers points redeemable for cloud hosting credits and conference tickets.,Marketing &amp; Sales,loyalty,ˈlɔɪəlti,noun,lòng trung thành của khách hàng với thương hiệu,"brand loyalty, customer loyalty, loyalty program",loyalty = allegiance = fidelity = devotion = commitment,Our developer rewards <b style='color:#0284c7'>loyalty</b> program offers points redeemable for cloud hosting credits and conference tickets.
Customers purchasing enterprise workstations before December are eligible for a two-hundred-dollar manufacturer <span class='blank'>______</span>.,Marketing &amp; Sales,rebate,ˈriːbeɪt,noun,khoản tiền giảm trừ hoàn lại sau khi hoàn tất mua sắm,"mail-in rebate, cash rebate, claim a rebate",rebate = refund = cash back = deduction = allowance,Customers purchasing enterprise workstations before December are eligible for a two-hundred-dollar manufacturer <b style='color:#0284c7'>rebate</b>.
Management decided to freeze new recruitment and rely on natural employee <span class='blank'>______</span> to adjust team size.,Human Resources,attrition,əˈtrɪʃn,noun,"sự hao hụt tự nhiên của đội ngũ nhân sự (nghỉ hưu, chuyển việc)","staff attrition, reduce attrition, rate of attrition",attrition = staff reduction = natural shrinkage = employee departure,Management decided to freeze new recruitment and rely on natural employee <b style='color:#0284c7'>attrition</b> to adjust team size.
Our structured two-week developer <span class='blank'>______</span> process pairs new hires with senior codebase mentors.,Human Resources,onboarding,ˈɒnbɔːdɪŋ,noun,quy trình tiếp nhận và hòa nhập nhân viên mới vào tổ chức,"onboarding process, smooth onboarding, onboarding checklist",onboarding = employee induction = integration = orientation,Our structured two-week developer <b style='color:#0284c7'>onboarding</b> process pairs new hires with senior codebase mentors.
The enterprise adopted a permanent <span class='blank'>______</span> policy that allows engineers to live in different cities.,Human Resources,telecommuting,ˈtelikəmjuːtɪŋ,noun,làm việc từ xa tại nhà thông qua mạng máy tính,"telecommuting policy, flexible telecommuting, adopt telecommuting",telecommuting = remote work = working from home = telework,The enterprise adopted a permanent <b style='color:#0284c7'>telecommuting</b> policy that allows engineers to live in different cities.
Junior software interns work under the direct <span class='blank'>______</span> of certified systems reliability engineers.,Human Resources,supervision,ˌsuːpəˈvɪʒn,noun,"sự giám sát, chỉ đạo trực tiếp của cấp trên","under the supervision of, direct supervision, close supervision",supervision = oversight = direction = surveillance = management,Junior software interns work under the direct <b style='color:#0284c7'>supervision</b> of certified systems reliability engineers.
The accounting software generates an automated <span class='blank'>______</span> schedule for long-term software licensing fees.,Accounting &amp; Finance,amortization,əˌmɔːtaɪˈzeɪʃn,noun,sự phân bổ dần chi phí tài sản vô hình theo từng kỳ kế toán,"loan amortization, amortization schedule, annual amortization",amortization = write-off = gradual repayment = spreading of cost,The accounting software generates an automated <b style='color:#0284c7'>amortization</b> schedule for long-term software licensing fees.
The multinational corporation issued convertible <span class='blank'>______</span> to finance its acquisition of cloud datacenters.,Accounting &amp; Finance,debenture,dɪˈbentʃər,noun,"giấy nợ, trái phiếu không có tài sản thế chấp đảm bảo","issue debentures, convertible debenture, unsecured debenture",debenture = unsecured bond = debt certificate = loan voucher,The multinational corporation issued convertible <b style='color:#0284c7'>debentures</b> to finance its acquisition of cloud datacenters.
"Pension fund managers have a strict legal <span class='blank'>______</span> duty to make prudent, low-risk investment choices.",Accounting &amp; Finance,fiduciary,fɪˈdjuːʃəri,adjective,thuộc trách nhiệm ủy thác bảo toàn tài sản cho người khác,"fiduciary duty, fiduciary responsibility, fiduciary role",fiduciary = trustee = duty of trust = custodial,"Pension fund managers have a strict legal <b style='color:#0284c7'>fiduciary</b> duty to make prudent, low-risk investment choices."
The airline avoided imminent <span class='blank'>______</span> after securing emergency refinancing from an international syndicate.,Accounting &amp; Finance,insolvency,ɪnˈsɒlvənsi,noun,"tình trạng vỡ nợ, mất khả năng chi trả các nghĩa vụ tài chính","corporate insolvency, declare insolvency, face insolvency",insolvency = financial bankruptcy = inability to pay = collapse,The airline avoided imminent <b style='color:#0284c7'>insolvency</b> after securing emergency refinancing from an international syndicate.
The court ordered the failed distribution company to <span class='blank'>______</span> its warehouse assets to satisfy creditor claims.,Accounting &amp; Finance,liquidate,ˈlɪkwɪdeɪt,verb,thanh lý tài sản chuyển thành tiền mặt để trả nợ,"liquidate assets, forced to liquidate, liquidate inventory",liquidate = sell off = convert to cash = cash in = wind up,The court ordered the failed distribution company to <b style='color:#0284c7'>liquidate</b> its warehouse assets to satisfy creditor claims.
Our automated logistics platform achieved an <span class='blank'>______</span> rate twice as fast as the industry average.,Purchasing &amp; Inventory,inventory turnover,ˈɪnvəntri ˈtɜːnəʊvər,noun,"vòng quay tồn kho, tốc độ luân chuyển hàng hóa","high inventory turnover, calculate inventory turnover",inventory turnover = stock rotation = merchandise velocity,Our automated logistics platform achieved an <b style='color:#0284c7'>inventory turnover</b> rate twice as fast as the industry average.
"Spare thermal paste, ethernet cables, and connector adapters are organized neatly in the engineering <span class='blank'>______</span>.",Purchasing &amp; Inventory,stockroom,ˈstɒkruːm,noun,phòng kho chứa vật tư phụ tùng dự trữ,"office stockroom, inventory in the stockroom",stockroom = storage room = supply closet = storeroom,"Spare thermal paste, ethernet cables, and connector adapters are organized neatly in the engineering <b style='color:#0284c7'>stockroom</b>."
The operations department managed to <span class='blank'>______</span> high-end GPUs despite widespread market shortages.,Purchasing &amp; Inventory,procure,prəˈkjʊər,verb,"tìm mua, thu mua được thiết bị/nguyên vật liệu cần thiết","procure supplies, procure equipment, procure services",procure = acquire = obtain = purchase = secure,The operations department managed to <b style='color:#0284c7'>procure</b> high-end GPUs despite widespread market shortages.
Kubernetes container orchestration delivers the horizontal <span class='blank'>______</span> required to handle sudden traffic surges.,Computers &amp; IT,scalability,ˌskeɪləˈbɪləti,noun,khả năng mở rộng quy mô linh hoạt khi tải tăng cao,"system scalability, horizontal scalability, enterprise scalability",scalability = expandability = elastic capacity = modular growth,Kubernetes container orchestration delivers the horizontal <b style='color:#0284c7'>scalability</b> required to handle sudden traffic surges.
Deploying edge servers in twenty international cities decreased API round-trip <span class='blank'>______</span> to under thirty milliseconds.,Computers &amp; IT,latency,ˈleɪtənsi,noun,"độ trễ mạng, khoảng thời gian truyền tín hiệu dữ liệu","low latency, network latency, reduce latency",latency = delay = lag = response time = pause,Deploying edge servers in twenty international cities decreased API round-trip <b style='color:#0284c7'>latency</b> to under thirty milliseconds.
Automated blue-green <span class='blank'>______</span> ensures that users experience zero disruption during version updates.,Computers &amp; IT,deployment,dɪˈplɔɪmənt,noun,quá trình triển khai phát hành phiên bản phần mềm lên môi trường,"cloud deployment, production deployment, automated deployment",deployment = rollout = installation = release = implementation,Automated blue-green <b style='color:#0284c7'>deployment</b> ensures that users experience zero disruption during version updates.
The enterprise migrated its legacy bare-metal <span class='blank'>______</span> to high-reliability managed cloud services.,Computers &amp; IT,infrastructure,ˈɪnfrəstrʌktʃər,noun,cơ sở hạ tầng máy chủ mạng và cơ sở vật chất cốt lõi,"cloud infrastructure, IT infrastructure, critical infrastructure",infrastructure = foundational framework = core network = architecture,The enterprise migrated its legacy bare-metal <b style='color:#0284c7'>infrastructure</b> to high-reliability managed cloud services.
Passengers traveling on international flights must proceed to <span class='blank'>______</span> C for final passport clearance.,Travel &amp; Transportation,concourse,ˈkɒnkɔːs,noun,sảnh lớn nhà ga sân bay hoặc ga xe lửa tập trung các cổng,"airport concourse, central concourse, departure concourse",concourse = terminal hall = central plaza = passenger area,Passengers traveling on international flights must proceed to <b style='color:#0284c7'>concourse</b> C for final passport clearance.
The pilot illuminated the seatbelt sign after encountering sudden high-altitude air <span class='blank'>______</span>.,Travel &amp; Transportation,turbulence,ˈtɜːbjələns,noun,sự rung lắc hỗn loạn của luồng không khí khi bay,"severe turbulence, experience turbulence, unexpected turbulence",turbulence = air disturbance = atmospheric instability = bumpiness,The pilot illuminated the seatbelt sign after encountering sudden high-altitude air <b style='color:#0284c7'>turbulence</b>.
A complimentary hotel <span class='blank'>______</span> departs for the international convention center every fifteen minutes.,Travel &amp; Transportation,shuttle,ˈʃʌtl,noun,xe buýt trung chuyển đưa đón giữa các điểm ngắn định kỳ,"airport shuttle, shuttle bus, complimentary shuttle",shuttle = feeder transport = transfer coach = commuter bus,A complimentary hotel <b style='color:#0284c7'>shuttle</b> departs for the international convention center every fifteen minutes.
"After clearing customs, arriving delegates gathered at <span class='blank'>______</span> carousel number four to collect suitcases.",Travel &amp; Transportation,baggage claim,ˈbæɡɪdʒ kleɪm,noun,khu vực băng chuyền nhận hành lý ký gửi tại sân bay,"proceed to baggage claim, baggage claim area, carousel",baggage claim = luggage collection area = luggage reclaim,"After clearing customs, arriving delegates gathered at <b style='color:#0284c7'>baggage claim</b> carousel number four to collect suitcases."
The shipment of replacement optical switches is currently in <span class='blank'>______</span> and scheduled to arrive by noon.,Travel &amp; Transportation,transit,ˈtrænzɪt,noun,sự quá cảnh hoặc vận chuyển hàng hóa trên đường đi,"in transit, public transit, transit passenger",transit = transport = passage = conveyance = movement,The shipment of replacement optical switches is currently in <b style='color:#0284c7'>transit</b> and scheduled to arrive by noon.
All production <span class='blank'>______</span> undergoes rigorous scheduled preventive maintenance every weekend.,Manufacturing &amp; Compliance,machinery,məˈʃiːnəri,noun,máy móc thiết bị công nghiệp nặng,"heavy machinery, industrial machinery, machinery maintenance",machinery = equipment = apparatus = mechanisms = plants,All production <b style='color:#0284c7'>machinery</b> undergoes rigorous scheduled preventive maintenance every weekend.
Senior electrical engineers reviewed the facility <span class='blank'>______</span> before wiring the backup generator arrays.,Manufacturing &amp; Compliance,blueprint,ˈbluːprɪnt,noun,bản vẽ thiết kế kỹ thuật kiến trúc chi tiết,"architectural blueprint, engineering blueprint, technical blueprint",blueprint = schematic = architectural plan = design drawing,Senior electrical engineers reviewed the facility <b style='color:#0284c7'>blueprint</b> before wiring the backup generator arrays.
The cooling fans exceed the manufacturer's thermal dissipation <span class='blank'>______</span> under sustained peak loads.,Manufacturing &amp; Compliance,specification,ˌspesɪfɪˈkeɪʃn,noun,thông số kỹ thuật chi tiết của thiết bị/sản phẩm,"technical specifications, meet specifications, detailed specifications",specification = spec = technical criteria = parameter = requirement,The cooling fans exceed the manufacturer's thermal dissipation <b style='color:#0284c7'>specifications</b> under sustained peak loads.
End-to-end test <span class='blank'>______</span> reduced software regression verification turnaround time from days to minutes.,Manufacturing &amp; Compliance,automation,ˌɔːtəˈmeɪʃn,noun,sự tự động hóa các quy trình bằng máy tính và robot,"factory automation, test automation, process automation",automation = mechanization = computerized control = robotic workflow,End-to-end test <b style='color:#0284c7'>automation</b> reduced software regression verification turnaround time from days to minutes.
Quality inspectors rejected the composite casing after detecting a microscopic surface <span class='blank'>______</span> near the hinge.,Manufacturing &amp; Compliance,flaw,flɔː,noun,"vết nứt, khiếm khuyết kỹ thuật làm giảm chất lượng","fatal flaw, minor flaw, design flaw",flaw = defect = imperfection = fault = blemish,Quality inspectors rejected the composite casing after detecting a microscopic surface <b style='color:#0284c7'>flaw</b> near the hinge.
The museum <span class='blank'>______</span> organized an international exhibition celebrating technological milestones in computing.,Entertainment &amp; Culture,curator,kjʊˈreɪtər,noun,người phụ trách giám tuyển triển lãm bảo tàng/nghệ thuật,"museum curator, chief curator, art curator",curator = keeper = custodian = preservationist = exhibition director,The museum <b style='color:#0284c7'>curator</b> organized an international exhibition celebrating technological milestones in computing.
Critics hailed the architect's sustainable skyscraper design as an engineering <span class='blank'>______</span>.,Entertainment &amp; Culture,masterpiece,ˈmɑːstəpiːs,noun,"kiệt tác, tác phẩm nghệ thuật đỉnh cao","literary masterpiece, architectural masterpiece, acknowledged masterpiece",masterpiece = magnum opus = classic = tour de force = triumph,Critics hailed the architect's sustainable skyscraper design as an engineering <b style='color:#0284c7'>masterpiece</b>.
The historic convention center underwent a five-million-dollar structural <span class='blank'>______</span> to modernize audio-visual facilities.,Entertainment &amp; Culture,restoration,ˌrestəˈreɪʃn,noun,"công tác trùng tu, phục hồi nguyên trạng công trình","historical restoration, building restoration, undergo restoration",restoration = renovation = refurbishment = repair = reconstruction,The historic convention center underwent a five-million-dollar structural <b style='color:#0284c7'>restoration</b> to modernize audio-visual facilities.
The technical conference keynote will be held in the main <span class='blank'>______</span> equipped with simultaneous translation booths.,Entertainment &amp; Culture,auditorium,ˌɔːdɪˈtɔːriəm,noun,khán phòng lớn trang bị âm thanh cho hội nghị,"seated auditorium, school auditorium, main auditorium",auditorium = theater = concert hall = assembly room = amphitheater,The technical conference keynote will be held in the main <b style='color:#0284c7'>auditorium</b> equipped with simultaneous translation booths.
The engineering team gathered yesterday to <span class='blank'>______</span> the live product demonstration before executive investors.,Entertainment &amp; Culture,rehearse,rɪˈhɜːs,verb,"tập dượt, diễn tập trước khi lên sân khấu","rehearse a presentation, rehearse a speech, thoroughly rehearse",rehearse = practice = run through = prepare = dry run,The engineering team gathered yesterday to <b style='color:#0284c7'>rehearse</b> the live product demonstration before executive investors.
Registration for the generative AI software masterclass was completely <span class='blank'>______</span> within forty-eight hours of announcement.,Entertainment &amp; Culture,sold out,səʊld aʊt,adjective,"đã bán hết sạch vé, cháy vé","sold-out concert, completely sold out, sold-out keynote",sold out = fully booked = no tickets remaining = packed,Registration for the generative AI software masterclass was completely <b style='color:#0284c7'>sold out</b> within forty-eight hours of announcement.
Employees can utilize their paid personal health day to undergo an annual preventive medical <span class='blank'>______</span>.,Health &amp; Medical,checkup,ˈtʃekʌp,noun,kỳ kiểm tra sức khỏe tổng quát định kỳ,"annual checkup, routine checkup, medical checkup",checkup = examination = medical inspection = assessment = screening,Employees can utilize their paid personal health day to undergo an annual preventive medical <b style='color:#0284c7'>checkup</b>.
The outpatient dental procedure was completed under mild local <span class='blank'>______</span> with zero postoperative complications.,Health &amp; Medical,anesthesia,ˌænəsˈθiːziə,noun,thuốc gây mê hoặc cảm giác tê không đau khi phẫu thuật,"local anesthesia, under anesthesia, administer anesthesia",anesthesia = numbing agent = painkiller = anesthetic,The outpatient dental procedure was completed under mild local <b style='color:#0284c7'>anesthesia</b> with zero postoperative complications.
The corporate health kiosk stocks over-the-counter remedies for common minor workplace <span class='blank'>______</span>.,Health &amp; Medical,ailment,ˈeɪlmənt,noun,"chứng bệnh nhẹ thường gặp (cảm, đau cơ)","minor ailment, treat an ailment, common ailment",ailment = illness = sickness = condition = disorder,The corporate health kiosk stocks over-the-counter remedies for common minor workplace <b style='color:#0284c7'>ailments</b>.
Factory safety wardens called emergency <span class='blank'>______</span> immediately after an assembly line worker suffered a minor chemical splash.,Health &amp; Medical,paramedic,ˌpærəˈmedɪk,noun,nhân viên y tế cấp cứu chuyên trách trên xe cứu thương,"trained paramedic, emergency paramedic, dispatch paramedics",paramedic = emergency medical technician = ambulance medic = first responder,Factory safety wardens called emergency <b style='color:#0284c7'>paramedics</b> immediately after an assembly line worker suffered a minor chemical splash.
Employees recovering from repetitive wrist strain are eligible for employer-sponsored physical <span class='blank'>______</span> sessions.,Health &amp; Medical,therapy,ˈθerəpi,noun,liệu trình trị liệu phục hồi chức năng thể chất,"physical therapy, undergo therapy, occupational therapy",therapy = treatment = rehabilitation = healing course,Employees recovering from repetitive wrist strain are eligible for employer-sponsored physical <b style='color:#0284c7'>therapy</b> sessions.
"Under our enterprise health network, doctor office visits require only a modest fifteen-dollar <span class='blank'>______</span>.",Health &amp; Medical,co-payment,ˈkəʊ peɪmənt,noun,khoản tiền đồng chi trả khi đi khám bệnh (co-pay),"insurance co-payment, fixed co-payment, doctor visit co-payment",co-payment = out-of-pocket share = patient contribution = fee split,"Under our enterprise health network, doctor office visits require only a modest fifteen-dollar <b style='color:#0284c7'>co-payment</b>."
The <span class='blank'>______</span> of four regional warehouses into a central automated hub reduced operating costs by twenty percent.,Business Planning &amp; Strategy,consolidation,kənˌsɒlɪˈdeɪʃn,noun,"sự hợp nhất, sáp nhập gom gọn các đầu mối kinh doanh","debt consolidation, business consolidation, industry consolidation",consolidation = merger = amalgamation = integration = unification,The <b style='color:#0284c7'>consolidation</b> of four regional warehouses into a central automated hub reduced operating costs by twenty percent.
"By transferring staff into expanding cloud teams, the technology firm avoided painful corporate <span class='blank'>______</span>.",Business Planning &amp; Strategy,downsizing,ˈdaʊnsaɪzɪŋ,noun,"sự tinh giản biên chế, thu hẹp quy mô doanh nghiệp","corporate downsizing, avoid downsizing, workforce downsizing",downsizing = staff cuts = reduction in workforce = streamlining,"By transferring staff into expanding cloud teams, the technology firm avoided painful corporate <b style='color:#0284c7'>downsizing</b>."
The merger between the payment gateway and e-commerce platform yielded significant operational <span class='blank'>______</span>.,Business Planning &amp; Strategy,synergy,ˈsɪnədʒi,noun,sức mạnh cộng hưởng khi kết hợp hai tổ chức,"create synergies, operational synergy, strategic synergy",synergy = combined effect = cooperation = mutual boost = collaboration,The merger between the payment gateway and e-commerce platform yielded significant operational <b style='color:#0284c7'>synergies</b>.
Strategic product <span class='blank'>______</span> into automotive software protected the semiconductor firm from mobile handset slowdowns.,Business Planning &amp; Strategy,diversification,daɪˌvɜːsɪfɪˈkeɪʃn,noun,chiến lược đa dạng hóa sản phẩm để giảm thiểu rủi ro,"product diversification, portfolio diversification, strategic diversification",diversification = branching out = spreading risk = expansion,Strategic product <b style='color:#0284c7'>diversification</b> into automotive software protected the semiconductor firm from mobile handset slowdowns.
The Korean technology <span class='blank'>______</span> invested billions of dollars in state-of-the-art battery research facilities.,Business Planning &amp; Strategy,conglomerate,kənˈɡlɒmərət,noun,tập đoàn kinh tế đa ngành quy mô khổng lồ,"multinational conglomerate, media conglomerate, industrial conglomerate",conglomerate = multinational enterprise = corporate group = giant firm,The Korean technology <b style='color:#0284c7'>conglomerate</b> invested billions of dollars in state-of-the-art battery research facilities.
The commercial <span class='blank'>______</span> agreement requires sixty days' written notice prior to terminating office occupancy.,Real Estate &amp; Leasing,tenancy,ˈtenənsi,noun,thời gian chiếm giữ mặt bằng thuê của người thuê,"period of tenancy, commercial tenancy, joint tenancy",tenancy = lease period = occupancy = possession = holding,The commercial <b style='color:#0284c7'>tenancy</b> agreement requires sixty days' written notice prior to terminating office occupancy.
The <span class='blank'>______</span> agreed to replace all fluorescent office fixtures with energy-efficient LED panels before move-in.,Real Estate &amp; Leasing,lessor,leˈsɔːr,noun,"bên cho thuê bất động sản/thiết bị (chủ nhà, bên sở hữu)","rights of the lessor, lessor obligations, notify the lessor",lessor = landlord = owner = property grantor,The <b style='color:#0284c7'>lessor</b> agreed to replace all fluorescent office fixtures with energy-efficient LED panels before move-in.
The contract stipulates that the <span class='blank'>______</span> is responsible for routine interior cleaning and server room climate control.,Real Estate &amp; Leasing,lessee,leˈsiː,noun,bên thuê bất động sản/thiết bị (khách thuê),"lessee obligations, agreement between lessor and lessee",lessee = tenant = renter = leaseholder,The contract stipulates that the <b style='color:#0284c7'>lessee</b> is responsible for routine interior cleaning and server room climate control.
The architectural plan proposed a clean <span class='blank'>______</span> of the third floor into hot-desking pods and private call rooms.,Real Estate &amp; Leasing,subdivision,ˌsʌbdɪˈvɪʒn,noun,sự phân chia lô đất hoặc phân khu văn phòng,"commercial subdivision, office subdivision",subdivision = partitioning = sectioning = division,The architectural plan proposed a clean <b style='color:#0284c7'>subdivision</b> of the third floor into hot-desking pods and private call rooms.
Customs clearance officers require the original signed ocean <span class='blank'>______</span> before releasing the container cargo.,Shipping &amp; Logistics,bill of lading,bɪl əv ˈleɪdɪŋ,noun,vận đơn đường biển do thuyền trưởng/hãng tàu phát hành,"issue a bill of lading, original bill of lading, signed bill of lading",bill of lading = shipping receipt = freight document = consignment note,Customs clearance officers require the original signed ocean <b style='color:#0284c7'>bill of lading</b> before releasing the container cargo.
We partnered with an established international freight <span class='blank'>______</span> to handle maritime logistics and port paperwork.,Shipping &amp; Logistics,forwarder,ˈfɔːwədər,noun,đại lý giao nhận hàng hóa trung gian quốc tế,"freight forwarder, global forwarder, forwarder contract",forwarder = freight agent = shipping intermediary = shipping broker,We partnered with an established international freight <b style='color:#0284c7'>forwarder</b> to handle maritime logistics and port paperwork.
Trucks arriving with heavy server enclosures must back directly into loading <span class='blank'>______</span> number two for forklift offloading.,Shipping &amp; Logistics,dock,dɒk,noun,bến bốc dỡ hàng tại bến cảng hoặc sau nhà kho,"loading dock, dock worker, arrive at the dock",dock = pier = wharf = harbor terminal = loading bay,Trucks arriving with heavy server enclosures must back directly into loading <b style='color:#0284c7'>dock</b> number two for forklift offloading.
Experienced harbor <span class='blank'>______</span> secured the industrial container locks onto the container ship deck.,Shipping &amp; Logistics,stevedore,ˈstiːvədɔːr,noun,công nhân bốc vác xếp dỡ container tại cảng biển,"stevedore union, stevedore operations, certified stevedore",stevedore = docker = longshoreman = harbor loader = cargo handler,Experienced harbor <b style='color:#0284c7'>stevedores</b> secured the industrial container locks onto the container ship deck.
The fintech startup issued five million dollars in <span class='blank'>______</span> promissory notes to seed investors.,Banking &amp; Finance,convertible,kənˈvɜːtəbl,adjective,có thể chuyển đổi thành cổ phiếu phổ thông (trái phiếu),"convertible bond, convertible security, convertible note",convertible = exchangeable = adaptable = switchable,The fintech startup issued five million dollars in <b style='color:#0284c7'>convertible</b> promissory notes to seed investors.
The real estate development loan was fully <span class='blank'>______</span> by prime downtown commercial office holdings.,Banking &amp; Finance,collateralize,kəˈlætərəlaɪz,verb,dùng tài sản giá trị để bảo đảm cho khoản nợ,"collateralize a loan, fully collateralized",collateralize = secure = pledge = guarantee with assets,The real estate development loan was fully <b style='color:#0284c7'>collateralized</b> by prime downtown commercial office holdings.
Our banking transaction processing engine is built on a <span class='blank'>______</span> multi-master distributed database.,Computers &amp; IT,fault-tolerant,fɔːlt ˈtɒlərənt,adjective,"chịu lỗi cao, vẫn vận hành trơn tru khi linh kiện hỏng","fault-tolerant system, fault-tolerant architecture, fault-tolerant cluster",fault-tolerant = resilient = robust = fail-safe = bulletproof,Our banking transaction processing engine is built on a <b style='color:#0284c7'>fault-tolerant</b> multi-master distributed database.
Go and Elixir are renowned for their lightweight <span class='blank'>______</span> primitives that support millions of concurrent connections.,Computers &amp; IT,concurrency,kənˈkʌrənsi,noun,xử lý đồng thời nhiều tác vụ cùng một thời điểm,"high concurrency, concurrency control, concurrency model",concurrency = parallelism = simultaneous execution = multithreading,Go and Elixir are renowned for their lightweight <b style='color:#0284c7'>concurrency</b> primitives that support millions of concurrent connections.
The engineering squad dedicated the sprint to <span class='blank'>______</span> legacy payment classes into modular services.,Computers &amp; IT,refactor,ˌriːˈfæktər,verb,tái cấu trúc tối ưu mã nguồn mà không đổi hành vi ngoài,"refactor code, refactor legacy systems, continuous refactoring",refactor = restructure = clean up code = re-engineer = optimize,The engineering squad dedicated the sprint to <b style='color:#0284c7'>refactoring</b> legacy payment classes into modular services.
HTTP PUT and DELETE requests are designed to be <span class='blank'>______</span> in RESTful API architectures.,Computers &amp; IT,idempotent,ˌaɪdəmˈpəʊtənt,adjective,bất biến khi gọi lại nhiều lần không sinh tác dụng phụ,"idempotent API, idempotent operation, idempotent script",idempotent = repeatable without side effects = safely re-runnable,HTTP PUT and DELETE requests are designed to be <b style='color:#0284c7'>idempotent</b> in RESTful API architectures.
Construction of the new state-of-the-art research facility will <span class='blank'>______</span> early next spring.,General Business,commence,kəˈmens,verb,"bắt đầu, khởi động một dự án/buổi lễ","commence operations, commence construction, scheduled to commence",commence = begin = start = initiate = launch,Construction of the new state-of-the-art research facility will <b style='color:#0284c7'>commence</b> early next spring.
The lead system architect <span class='blank'>______</span> with the database administrator's indexing recommendations.,General Business,concur,kənˈkɜːr,verb,"đồng ý, nhất trí cùng quan điểm","concur with, strongly concur, experts concur",concur = agree = accord = coincide = be of the same mind,The lead system architect <b style='color:#0284c7'>concurred</b> with the database administrator's indexing recommendations.
Hedging foreign exchange contracts shields the enterprise from sudden currency <span class='blank'>______</span>.,General Business,fluctuation,ˌflʌktʃuˈeɪʃn,noun,sự biến động liên tục của thị trường/giá cả,"price fluctuation, currency fluctuation, market fluctuation",fluctuation = variation = swing = shift = oscillation,Hedging foreign exchange contracts shields the enterprise from sudden currency <b style='color:#0284c7'>fluctuations</b>.
Failing to run automated regression checks could <span class='blank'>______</span> the stability of the production release.,General Business,jeopardize,ˈdʒepədaɪz,verb,"gây nguy hiểm, làm tổn hại tới sự thành bại","jeopardize success, jeopardize safety, jeopardize security",jeopardize = endanger = threaten = compromise = imperil,Failing to run automated regression checks could <b style='color:#0284c7'>jeopardize</b> the stability of the production release.
The customer care team promptly <span class='blank'>______</span> subscribers regarding the scheduled weekend maintenance window.,General Business,notify,ˈnəʊtɪfaɪ,verb,thông báo chính thức bằng văn bản/email,"notify in writing, promptly notify, notify customers",notify = inform = alert = advise = apprise,The customer care team promptly <b style='color:#0284c7'>notified</b> subscribers regarding the scheduled weekend maintenance window.
The technical steering committee <span class='blank'>______</span> for an open-source distributed database architecture.,General Business,opt,ɒpt,verb,lựa chọn phương án sau khi suy xét,"opt for, opt to do, opt out",opt = choose = select = decide on = pick,The technical steering committee <b style='color:#0284c7'>opted</b> for an open-source distributed database architecture.
Containerization played a <span class='blank'>______</span> role in enabling rapid continuous deployment for the team.,General Business,pivotal,ˈpɪvətl,adjective,"then chốt, mang tính chất bước ngoặt quyết định","pivotal role, pivotal moment, play a pivotal part",pivotal = crucial = vital = central = critical,Containerization played a <b style='color:#0284c7'>pivotal</b> role in enabling rapid continuous deployment for the team.
Senior legal counsel <span class='blank'>______</span> every paragraph of the international merger agreement.,General Business,scrutinize,ˈskruːtənaɪz,verb,"soi xét, kiểm tra tỉ mỉ từng chi tiết nhỏ","scrutinize documents, carefully scrutinize, closely scrutinize",scrutinize = examine closely = inspect = audit = analyze,Senior legal counsel <b style='color:#0284c7'>scrutinized</b> every paragraph of the international merger agreement.
The grant was awarded with the clear <span class='blank'>______</span> that research findings must remain public domain.,General Business,stipulation,ˌstɪpjuˈleɪʃn,noun,điều kiện quy định bắt buộc phải tuân theo,"contractual stipulation, with the stipulation that",stipulation = requirement = condition = provision = clause,The grant was awarded with the clear <b style='color:#0284c7'>stipulation</b> that research findings must remain public domain.
The e-commerce platform automatically scaled backend worker pods during the Black Friday traffic <span class='blank'>______</span>.,Marketing &amp; Sales,surge,sɜːdʒ,noun,sự tăng vọt đột biến về số lượng/nhu cầu,"surge in demand, sudden surge, surge in traffic",surge = sudden increase = spike = jump = upsurge,The e-commerce platform automatically scaled backend worker pods during the Black Friday traffic <b style='color:#0284c7'>surge</b>.
The software startup utilized competitive freemium pricing to <span class='blank'>______</span> the crowded project management market.,Marketing &amp; Sales,penetrate,ˈpenətreɪt,verb,thâm nhập thành công vào thị trường mới,"penetrate the market, successfully penetrate, penetrate abroad",penetrate = enter = break into = gain access to = infiltrate,The software startup utilized competitive freemium pricing to <b style='color:#0284c7'>penetrate</b> the crowded project management market.
Quarterly operating losses caused the company's publicly traded shares to <span class='blank'>______</span> ten percent.,Marketing &amp; Sales,plummet,ˈplʌmɪt,verb,"lao dốc không phanh, sụt giảm nghiêm trọng","profits plummet, shares plummet, plummet sharply",plummet = plunge = dive = drop steeply = nose-dive,Quarterly operating losses caused the company's publicly traded shares to <b style='color:#0284c7'>plummet</b> ten percent.
Demand for cloud database services continues to <span class='blank'>______</span> as enterprises accelerate digital transformation.,Marketing &amp; Sales,soar,sɔːr,verb,"bay cao, tăng vọt lên mức kỷ lục","sales soar, profits soar, soaring demand",soar = skyrocket = climb rapidly = escalate = surge,Demand for cloud database services continues to <b style='color:#0284c7'>soar</b> as enterprises accelerate digital transformation.
The technology institute pairs each engineering <span class='blank'>______</span> with a certified master mentor.,Human Resources,apprentice,əˈprentɪs,noun,"người học việc, thực tập sinh kỹ thuật học nghề","engineering apprentice, apprentice program, trade apprentice",apprentice = trainee = intern = learner = novice,The technology institute pairs each engineering <b style='color:#0284c7'>apprentice</b> with a certified master mentor.
The recruiting team verified the applicant's advanced database administration <span class='blank'>______</span> with the issuing agency.,Human Resources,credential,krəˈdenʃl,noun,"chứng chỉ chuyên môn, bằng cấp xác nhận năng lực","professional credentials, verify credentials, academic credentials",credential = certificate = qualification = license = diploma,The recruiting team verified the applicant's advanced database administration <b style='color:#0284c7'>credentials</b> with the issuing agency.
The board <span class='blank'>______</span> the baseless lawsuit following an independent forensic investigation.,Human Resources,dismiss,dɪsˈmɪs,verb,sa thải nhân viên HOẶC bác bỏ một kiến nghị,"dismiss an employee, dismiss a claim, summarily dismissed",dismiss = discharge = fire = terminate = reject,The board <b style='color:#0284c7'>dismissed</b> the baseless lawsuit following an independent forensic investigation.
Our engineering leadership strives to <span class='blank'>______</span> an open blameless culture around incident retrospectives.,Human Resources,foster,ˈfɒstər,verb,"nuôi dưỡng, bồi đắp văn hóa tích cực","foster innovation, foster collaboration, foster teamwork",foster = cultivate = nurture = encourage = promote,Our engineering leadership strives to <b style='color:#0284c7'>foster</b> an open blameless culture around incident retrospectives.
The company plans to <span class='blank'>______</span> twenty additional site reliability engineers during the next quarter.,Human Resources,hire,ˈhaɪər,verb,"thuê, tuyển dụng nhân viên vào làm việc","hire a developer, newly hired, direct hire",hire = employ = recruit = take on = engage,The company plans to <b style='color:#0284c7'>hire</b> twenty additional site reliability engineers during the next quarter.
The bankruptcy trustee oversaw the orderly legal <span class='blank'>______</span> of remaining warehouse inventory.,Purchasing &amp; Inventory,disposition,ˌdɪspəˈzɪʃn,noun,"sự định đoạt, xử lý tài sản thanh lý","disposition of assets, final disposition",disposition = disposal = allocation = distribution = transfer,The bankruptcy trustee oversaw the orderly legal <b style='color:#0284c7'>disposition</b> of remaining warehouse inventory.
Integrating GPS tracking into our <span class='blank'>______</span> network enabled real-time fleet delivery visibility.,Purchasing &amp; Inventory,logistics,ləˈdʒɪstɪks,noun,"ngành hậu cần, điều phối luồng hàng hóa và thông tin","logistics company, supply chain logistics, reverse logistics",logistics = distribution network = supply management = freight transport,Integrating GPS tracking into our <b style='color:#0284c7'>logistics</b> network enabled real-time fleet delivery visibility.
Global semiconductor <span class='blank'>______</span> temporarily increased delivery lead times for enterprise laptops.,Purchasing &amp; Inventory,shortage,ˈʃɔːtɪdʒ,noun,sự thiếu hụt nguồn cung trên thị trường,"acute shortage, chip shortage, supply shortage",shortage = deficit = scarcity = lack = shortfall,Global semiconductor <b style='color:#0284c7'>shortages</b> temporarily increased delivery lead times for enterprise laptops.
Investors opened corporate trading accounts through a chartered international securities <span class='blank'>______</span>.,Banking &amp; Finance,brokerage,ˈbrəʊkərɪdʒ,noun,công ty môi giới chứng khoán hoặc phí môi giới,"brokerage firm, brokerage fee, online brokerage",brokerage = broker agency = securities firm = commission,Investors opened corporate trading accounts through a chartered international securities <b style='color:#0284c7'>brokerage</b>.
Lenders reserve the legal right to foreclose on mortgaged real estate in the event of loan <span class='blank'>______</span>.,Banking &amp; Finance,default,dɪˈfɔːlt,noun,"sự vỡ nợ, không trả được nợ đúng hạn","in default, default on a loan, risk of default",default = nonpayment = delinquency = failure to pay,Lenders reserve the legal right to foreclose on mortgaged real estate in the event of loan <b style='color:#0284c7'>default</b>.
Corporate savings accounts earn competitive compound <span class='blank'>______</span> credited at the end of each calendar month.,Banking &amp; Finance,interest,ˈɪntrəst,noun,tiền lãi sinh ra từ tiền gửi hoặc khoản vay,"interest rate, accrue interest, compound interest",interest = percentage charge = dividend = borrowing fee = return,Corporate savings accounts earn competitive compound <b style='color:#0284c7'>interest</b> credited at the end of each calendar month.
Please email the bank <span class='blank'>______</span> confirmation so that our billing department can credit your invoice.,Banking &amp; Finance,remittance,rɪˈmɪtns,noun,khoản tiền chuyển khoản thanh toán cho đối tác,"wire remittance, electronic remittance, remittance advice",remittance = money transfer = payment transfer = payment sending,Please email the bank <b style='color:#0284c7'>remittance</b> confirmation so that our billing department can credit your invoice.
"The software redesign provides an intuitive, accessible user <span class='blank'>______</span> optimized for mobile devices.",Computers &amp; IT,interface,ˈɪntəfeɪs,noun,giao diện người dùng hoặc giao diện lập trình ứng dụng (API),"user interface, programming interface, clean interface",interface = UI = connection point = boundary = API,"The software redesign provides an intuitive, accessible user <b style='color:#0284c7'>interface</b> optimized for mobile devices."
The database administration team <span class='blank'>______</span> the cluster from cold backup in under fifteen minutes.,Computers &amp; IT,restore,rɪˈstɔːr,verb,khôi phục dữ liệu từ bản sao lưu dự phòng,"restore from backup, restore service, successfully restore",restore = recover = reinstate = bring back = reconstruct,The database administration team <b style='color:#0284c7'>restored</b> the cluster from cold backup in under fifteen minutes.
Economy class passengers are entitled to one checked <span class='blank'>______</span> item weighing up to twenty-three kilograms.,Travel &amp; Transportation,baggage,ˈbæɡɪdʒ,noun,hành lý tư trang của hành khách,"checked baggage, excess baggage, baggage allowance",baggage = luggage = suitcases = gear = belongings,Economy class passengers are entitled to one checked <b style='color:#0284c7'>baggage</b> item weighing up to twenty-three kilograms.
Please present your flight booking <span class='blank'>______</span> number at the airport self-service check-in kiosk.,Travel &amp; Transportation,confirmation,ˌkɒnfəˈmeɪʃn,noun,giấy xác nhận đặt vé/phòng thành công,"booking confirmation, confirmation number, receive confirmation",confirmation = verification = acknowledgment = proof = validation,Please present your flight booking <b style='color:#0284c7'>confirmation</b> number at the airport self-service check-in kiosk.
The nonstop flight to London Heathrow will reach its <span class='blank'>______</span> in approximately eleven hours.,Travel &amp; Transportation,destination,ˌdestɪˈneɪʃn,noun,điểm đến cuối cùng của chuyến bay/hành trình,"final destination, holiday destination, reach the destination",destination = arrival point = terminus = target port = journey end,The nonstop flight to London Heathrow will reach its <b style='color:#0284c7'>destination</b> in approximately eleven hours.
Make sure to attach a legible <span class='blank'>______</span> tag with your contact telephone number to each bag.,Travel &amp; Transportation,luggage,ˈlʌɡɪdʒ,noun,"vali, túi xách hành lý cá nhân khi đi du lịch","carry-on luggage, lost luggage, luggage tag",luggage = baggage = bags = travel cases = personal effects,Make sure to attach a legible <b style='color:#0284c7'>luggage</b> tag with your contact telephone number to each bag.
Automated robotic arms perform the final circuit board <span class='blank'>______</span> with micrometer precision.,Manufacturing &amp; Compliance,assembly,əˈsembli,noun,dây chuyền lắp ráp máy móc hoặc sự lắp ráp các bộ phận,"assembly line, robotic assembly, final assembly",assembly = manufacturing setup = construction = fabrication,Automated robotic arms perform the final circuit board <b style='color:#0284c7'>assembly</b> with micrometer precision.
The strategic software partnership will <span class='blank'>______</span> our competitive position in European markets.,General Business,bolster,ˈbəʊlstər,verb,"củng cố, gia cố, nâng đỡ vị thế cạnh tranh","bolster sales, bolster confidence, bolster security",bolster = strengthen = reinforce = boost = fortify,The strategic software partnership will <b style='color:#0284c7'>bolster</b> our competitive position in European markets.
The acquisition was finalized with the unanimous <span class='blank'>______</span> of all major institutional shareholders.,General Business,concurrence,kənˈkʌrəns,noun,"sự tán thành, đồng thuận ý kiến của nhiều bên","with the concurrence of, express concurrence",concurrence = agreement = consensus = assent = approval,The acquisition was finalized with the unanimous <b style='color:#0284c7'>concurrence</b> of all major institutional shareholders.
Careful <span class='blank'>______</span> of travel expenses allowed the startup to preserve nine months of cash runway.,General Business,curtailment,kɜːˈteɪlmənt,noun,"sự cắt bớt, thu hẹp quy mô chi tiêu/sản xuất","spending curtailment, budget curtailment",curtailment = reduction = restriction = cutback = retrenchment,Careful <b style='color:#0284c7'>curtailment</b> of travel expenses allowed the startup to preserve nine months of cash runway.
"As legacy on-premise software sales <span class='blank'>______</span>, cloud subscription revenues continue to expand rapidly.",General Business,dwindle,ˈdwɪndl,verb,"vơi dần, sụt giảm từ từ theo thời gian","supplies dwindle, savings dwindle, dwindling numbers",dwindle = shrink = decrease = diminish = fade away,"As legacy on-premise software sales <b style='color:#0284c7'>dwindle</b>, cloud subscription revenues continue to expand rapidly."
Aggressive foreign technology firms are beginning to <span class='blank'>______</span> on domestic database market share.,General Business,encroach,ɪnˈkrəʊtʃ,verb,"lấn sân, xâm lấn sang thị phần của đối thủ","encroach on market share, encroach upon",encroach = infringe = intrude = trespass = impinge,Aggressive foreign technology firms are beginning to <b style='color:#0284c7'>encroach</b> on domestic database market share.
The executive founders agreed to <span class='blank'>______</span> their annual bonuses during the restructuring year.,General Business,forgo,fɔːˈɡəʊ,verb,"từ bỏ, không nhận một quyền lợi hay cơ hội","forgo a salary increase, forgo rights, forgo dividends",forgo = waive = give up = do without = relinquish,The executive founders agreed to <b style='color:#0284c7'>forgo</b> their annual bonuses during the restructuring year.
The contract negotiations reached a temporary <span class='blank'>______</span> over international intellectual property rights.,General Business,impasse,ˈæmpɑːs,noun,thế bế tắc không lối thoát trong đàm phán,"reach an impasse, break the impasse, negotiation impasse",impasse = deadlock = stalemate = standstill = gridlock,The contract negotiations reached a temporary <b style='color:#0284c7'>impasse</b> over international intellectual property rights.
Any unauthorized signature will automatically <span class='blank'>______</span> the equipment procurement agreement.,General Business,nullify,ˈnʌlɪfaɪ,verb,"hủy bỏ tính pháp lý, làm cho vô hiệu","nullify an agreement, nullify a contract",nullify = invalidate = void = annul = cancel = repeal,Any unauthorized signature will automatically <b style='color:#0284c7'>nullify</b> the equipment procurement agreement.
There was <span class='blank'>______</span> relief across the engineering team when all production database migrations passed without errors.,General Business,palpable,ˈpælpəbl,adjective,"rõ ràng, có thể cảm nhận thấy một cách rành rọt","palpable relief, palpable excitement, palpable difference",palpable = tangible = noticeable = obvious = perceptible,There was <b style='color:#0284c7'>palpable</b> relief across the engineering team when all production database migrations passed without errors.
The product manager faced a <span class='blank'>______</span> between delaying the release or launching with minor UI defects.,General Business,quandary,ˈkwɒndəri,noun,"tình thế tiến thoái lưỡng nan, khó xử","in a quandary, face a quandary",quandary = dilemma = predicament = perplexity = plight,The product manager faced a <b style='color:#0284c7'>quandary</b> between delaying the release or launching with minor UI defects.
We would be <span class='blank'>______</span> if we failed to acknowledge the outstanding contributions of our DevOps engineers.,General Business,remiss,rɪˈmɪs,adjective,"tắc trách, cẩu thả trong thi hành bổn phận","remiss in duties, remiss not to mention",remiss = negligent = careless = neglectful = lax,We would be <b style='color:#0284c7'>remiss</b> if we failed to acknowledge the outstanding contributions of our DevOps engineers.
Third-quarter cloud subscription revenue <span class='blank'>______</span> all Wall Street analyst projections by twelve percent.,General Business,surpass,səˈpɑːs,verb,vượt trội hơn hẳn kỳ vọng/đối thủ,"surpass expectations, surpass records, far surpass",surpass = exceed = outdo = excel = transcend,Third-quarter cloud subscription revenue <b style='color:#0284c7'>surpassed</b> all Wall Street analyst projections by twelve percent.
The human resources specialist handled the sensitive salary review with admirable <span class='blank'>______</span> diplomacy.,General Business,tactful,ˈtæktfl,adjective,"khéo léo, tế nhị trong giao tiếp công sở","tactful approach, tactful response, remain tactful",tactful = diplomatic = polite = discreet = considerate,The human resources specialist handled the sensitive salary review with admirable <b style='color:#0284c7'>tactful</b> diplomacy.
The board reached a <span class='blank'>______</span> decision to promote Ms. Davies to Chief Technology Officer.,General Business,unanimous,juˈnænɪməs,adjective,"nhất trí hoàn toàn 100%, không ai phản đối","unanimous vote, unanimous decision, reach unanimous approval",unanimous = in full agreement = united = undisputed = uncontested,The board reached a <b style='color:#0284c7'>unanimous</b> decision to promote Ms. Davies to Chief Technology Officer.
Automated serverless architectures offer a commercially <span class='blank'>______</span> solution for handling sporadic traffic spikes.,General Business,viable,ˈvaɪəbl,adjective,"khả thi, có khả năng tồn tại và phát triển tốt","commercially viable, financially viable, viable alternative",viable = feasible = workable = practicable = sustainable,Automated serverless architectures offer a commercially <b style='color:#0284c7'>viable</b> solution for handling sporadic traffic spikes.
Our lead engineers strongly <span class='blank'>______</span> for adopting zero-trust identity architectures across all microservices.,Marketing &amp; Sales,advocate,ˈædvəkeɪt,verb,"công khai ủng hộ, tán thành chính sách/công nghệ","advocate for, strongly advocate, brand advocate",advocate = support = champion = promote = recommend,Our lead engineers strongly <b style='color:#0284c7'>advocate</b> for adopting zero-trust identity architectures across all microservices.
Sponsoring international developer hackathons dramatically boosted global <span class='blank'>______</span> for our database tool.,Marketing &amp; Sales,brand awareness,brænd əˈweənəs,noun,mức độ nhận biết thương hiệu của cộng đồng,"build brand awareness, boost brand awareness, measure brand awareness",brand awareness = market recognition = brand recall = name recognition,Sponsoring international developer hackathons dramatically boosted global <b style='color:#0284c7'>brand awareness</b> for our database tool.
"With over ten million active daily developers, the open-source foundation possesses immense market <span class='blank'>______</span>.",Marketing &amp; Sales,clout,klaʊt,noun,"tầm ảnh hưởng, sức mạnh quyền lực trên thị trường","market clout, political clout, commercial clout",clout = influence = leverage = power = authority,"With over ten million active daily developers, the open-source foundation possesses immense market <b style='color:#0284c7'>clout</b>."
The security advisory group promptly <span class='blank'>______</span> details on the zero-day vulnerability to all registered clients.,Marketing &amp; Sales,disseminate,dɪˈsemɪneɪt,verb,"phổ biến, truyền bá thông tin rộng khắp","disseminate information, widely disseminate, disseminate findings",disseminate = distribute = broadcast = circulate = disperse,The security advisory group promptly <b style='color:#0284c7'>disseminated</b> details on the zero-day vulnerability to all registered clients.
The new quantum computing processor lived up to the industry <span class='blank'>______</span> by cracking benchmark tests effortlessly.,Marketing &amp; Sales,hype,haɪp,noun,sự thổi phồng quảng cáo quá mức,"media hype, live up to the hype, marketing hype",hype = exaggerated publicity = ballyhoo = promotion = sensation,The new quantum computing processor lived up to the industry <b style='color:#0284c7'>hype</b> by cracking benchmark tests effortlessly.
The federal judge ordered an immediate injunction against the competitor for deliberate patent <span class='blank'>______</span>.,Marketing &amp; Sales,infringement,ɪnˈfrɪndʒmənt,noun,sự xâm phạm quyền sở hữu trí tuệ/bản quyền,"patent infringement, copyright infringement, trademark infringement",infringement = violation = breach = transgression = encroachment,The federal judge ordered an immediate injunction against the competitor for deliberate patent <b style='color:#0284c7'>infringement</b>.
New customers who subscribe during the <span class='blank'>______</span> period receive three months of premium support free of charge.,Marketing &amp; Sales,promotional,prəˈməʊʃənl,adjective,có tính chất quảng cáo khuyến mãi kích cầu,"promotional discount, promotional campaign, promotional material",promotional = marketing = advertising = publicity = sales-driving,New customers who subscribe during the <b style='color:#0284c7'>promotional</b> period receive three months of premium support free of charge.
The AI coding assistant gained rapid market <span class='blank'>______</span> among enterprise software development teams.,Marketing &amp; Sales,traction,ˈtrækʃn,noun,đà tăng trưởng thu hút người dùng/khách hàng,"gain traction, market traction, early traction",traction = momentum = progress = market acceptance = footing,The AI coding assistant gained rapid market <b style='color:#0284c7'>traction</b> among enterprise software development teams.
Hiring three additional backend developers helped <span class='blank'>______</span> the heavy engineering sprint workload.,Human Resources,alleviate,əˈliːvieɪt,verb,"làm giảm bớt, xoa dịu áp lực/gánh nặng","alleviate workload, alleviate stress, alleviate concerns",alleviate = ease = lessen = relieve = mitigate = reduce,Hiring three additional backend developers helped <b style='color:#0284c7'>alleviate</b> the heavy engineering sprint workload.
The product director was remarkably <span class='blank'>______</span> to developer suggestions regarding API endpoint naming.,Human Resources,amenable,əˈmiːnəbl,adjective,"sẵn lòng lắng nghe, cởi mở tiếp thu ý kiến","amenable to suggestions, amenable to change",amenable = receptive = agreeable = open = responsive,The product director was remarkably <b style='color:#0284c7'>amenable</b> to developer suggestions regarding API endpoint naming.
The software engineer received a <span class='blank'>______</span> employment offer including relocation allowance and equity grants.,Human Resources,bona fide,ˌbəʊnə ˈfaɪdi,adjective,"chân chính, thiện chí, xác thực có thật","bona fide offer, bona fide credentials, act in bona fide manner",bona fide = genuine = authentic = legitimate = real = sincere,The software engineer received a <b style='color:#0284c7'>bona fide</b> employment offer including relocation allowance and equity grants.
Daily standups and transparent roadmaps helped forge a remarkably <span class='blank'>______</span> engineering team culture.,Human Resources,cohesive,kəʊˈhiːsɪv,adjective,"gắn kết chặt chẽ, đồng lòng nhất trí (đội ngũ)","cohesive team, cohesive unit, cohesive strategy",cohesive = united = unified = solid = integrated,Daily standups and transparent roadmaps helped forge a remarkably <b style='color:#0284c7'>cohesive</b> engineering team culture.
The venture fund conducted rigorous legal and technical due <span class='blank'>______</span> before acquiring the analytics startup.,Human Resources,diligence,ˈdɪlɪdʒəns,noun,sự siêng năng cần mẫn HOẶC sự thẩm tra kỹ lưỡng (due diligence),"due diligence, show diligence, rewarding diligence",diligence = thoroughness = persistence = conscientiousness,The venture fund conducted rigorous legal and technical due <b style='color:#0284c7'>diligence</b> before acquiring the analytics startup.
Generous corporate <span class='blank'>______</span> such as free onsite meals and wellness stipends attract top software talent.,Human Resources,fringe benefit,frɪndʒ ˈbenɪfɪt,noun,"phúc lợi phụ ngoài lương (gym, ăn trưa, bảo hiểm)","attractive fringe benefits, offer fringe benefits",fringe benefit = perk = extra benefit = employee allowance,Generous corporate <b style='color:#0284c7'>fringe benefits</b> such as free onsite meals and wellness stipends attract top software talent.
The engineering lead acted as the primary technical <span class='blank'>______</span> between backend developers and product designers.,Human Resources,liaison,liˈeɪzn,noun,người đầu mối liên lạc giữa các phòng ban,"act as a liaison, technical liaison, close liaison",liaison = contact person = intermediary = bridge = representative,The engineering lead acted as the primary technical <b style='color:#0284c7'>liaison</b> between backend developers and product designers.
Competitive compensation and clear promotion trajectories significantly increased engineer <span class='blank'>______</span> rates.,Human Resources,retention,rɪˈtenʃn,noun,sự giữ chân người tài HOẶC sự lưu giữ dữ liệu,"employee retention, retention rate, customer retention",retention = keeping = preservation = holding on to,Competitive compensation and clear promotion trajectories significantly increased engineer <b style='color:#0284c7'>retention</b> rates.
All software apprentices receive a monthly housing <span class='blank'>______</span> in addition to their hourly training wage.,Human Resources,stipend,ˈstaɪpend,noun,khoản phụ cấp hỗ trợ học tập/nghiên cứu định kỳ,"monthly stipend, education stipend, travel stipend",stipend = allowance = grant = subsidy = payment,All software apprentices receive a monthly housing <b style='color:#0284c7'>stipend</b> in addition to their hourly training wage.
The finance committee <span class='blank'>______</span> cloud infrastructure overhead expenses proportionately among product departments.,Accounting &amp; Finance,apportion,əˈpɔːʃn,verb,chia nhỏ và phân bổ chi phí theo tỷ lệ,"apportion costs, apportion funds, equitably apportioned",apportion = allocate = distribute = assign = divide,The finance committee <b style='color:#0284c7'>apportioned</b> cloud infrastructure overhead expenses proportionately among product departments.
Disbursement of the second venture financing tranche is strictly <span class='blank'>______</span> upon passing user security audits.,Accounting &amp; Finance,contingent,kənˈtɪndʒənt,adjective,"phụ thuộc vào điều kiện xảy ra (tiền thưởng, hợp đồng)","contingent upon, contingent approval, contingent liability",contingent = dependent on = conditional = provisional,Disbursement of the second venture financing tranche is strictly <b style='color:#0284c7'>contingent</b> upon passing user security audits.
Maintaining strict <span class='blank'>______</span> enabled the technology business to achieve sustained GAAP profitability.,Accounting &amp; Finance,fiscal discipline,ˈfɪskl ˈdɪsəplɪn,noun,kỷ luật tài chính kiểm soát chi tiêu chặt chẽ,"exercise fiscal discipline, maintain fiscal discipline",fiscal discipline = budgetary restraint = financial prudence,Maintaining strict <b style='color:#0284c7'>fiscal discipline</b> enabled the technology business to achieve sustained GAAP profitability.
The bankrupt hardware manufacturer placed its specialized assembly machinery up for public <span class='blank'>______</span> auction.,Accounting &amp; Finance,liquidation,ˌlɪkwɪˈdeɪʃn,noun,sự thanh lý tài sản để thu hồi nợ khi giải thể,"go into liquidation, asset liquidation, forced liquidation",liquidation = closing down = dissolution = selling off = winding up,The bankrupt hardware manufacturer placed its specialized assembly machinery up for public <b style='color:#0284c7'>liquidation</b> auction.
The board declared an emergency six-month <span class='blank'>______</span> on non-essential software capital expenditures.,Accounting &amp; Finance,moratorium,ˌmɒrəˈtɔːriəm,noun,lệnh tạm đình chỉ thanh toán nợ có thời hạn,"debt moratorium, moratorium on spending, temporary moratorium",moratorium = temporary ban = freeze = suspension = stay,The board declared an emergency six-month <b style='color:#0284c7'>moratorium</b> on non-essential software capital expenditures.
Financial <span class='blank'>______</span> dictates that corporate treasurers maintain at least six months of liquid cash reserves.,Accounting &amp; Finance,prudence,ˈpruːdns,noun,sự thận trọng khôn ngoan trong quản lý tài chính,"financial prudence, exercise prudence, fiscal prudence",prudence = caution = discretion = foresight = wisdom,Financial <b style='color:#0284c7'>prudence</b> dictates that corporate treasurers maintain at least six months of liquid cash reserves.
Submit all itemized receipts through the corporate finance portal to receive rapid expense <span class='blank'>______</span>.,Accounting &amp; Finance,reimbursement,ˌriːɪmˈbɜːsmənt,noun,khoản tiền thanh toán bồi hoàn chi phí đã ứng trước,"claim reimbursement, travel reimbursement, expense reimbursement",reimbursement = repayment = compensation = refund = restitution,Submit all itemized receipts through the corporate finance portal to receive rapid expense <b style='color:#0284c7'>reimbursement</b>.
The consignment of telecommunications equipment received immediate customs <span class='blank'>______</span> upon port arrival.,Shipping &amp; Logistics,clearance,ˈklɪərəns,noun,sự thông quan hải quan HOẶC sự thanh lý kho hàng,"customs clearance, clearance sale, security clearance",clearance = authorization = permission = liquidation = passage,The consignment of telecommunications equipment received immediate customs <b style='color:#0284c7'>clearance</b> upon port arrival.
Our operations staff ensures the <span class='blank'>______</span> processing and dispatch of all replacement hardware orders.,Shipping &amp; Logistics,expeditious,ˌekspəˈdɪʃəs,adjective,"nhanh chóng, khẩn trương và hiệu quả cao","expeditious processing, expeditious delivery, expeditious handling",expeditious = speedy = prompt = swift = rapid = quick,Our operations staff ensures the <b style='color:#0284c7'>expeditious</b> processing and dispatch of all replacement hardware orders.
All developer documentation and API reference guides are freely <span class='blank'>______</span> on our public developer portal.,General Business,accessible,əkˈsesəbl,adjective,"dễ dàng tiếp cận, dễ sử dụng cho mọi đối tượng","easily accessible, accessible to all, physically accessible",accessible = available = approachable = reachable = handy,All developer documentation and API reference guides are freely <b style='color:#0284c7'>accessible</b> on our public developer portal.
The software architect was able to <span class='blank'>______</span> the complex distributed consensus protocol with admirable clarity.,General Business,articulate,ɑːˈtɪkjuleɪt,verb,"diễn đạt trôi chảy, trình bày rõ ràng mạch lạc","articulate ideas, articulate a vision, clearly articulate",articulate = express = formulate = communicate = voice,The software architect was able to <b style='color:#0284c7'>articulate</b> the complex distributed consensus protocol with admirable clarity.
The enterprise engaged specialized cloud contractors to <span class='blank'>______</span> its internal backend engineering capacity.,General Business,augment,ɔːɡˈment,verb,"gia tăng, làm tăng thêm giá trị/sức mạnh","augment income, augment staff, augment capabilities",augment = supplement = increase = expand = enhance = enlarge,The enterprise engaged specialized cloud contractors to <b style='color:#0284c7'>augment</b> its internal backend engineering capacity.
Using in-memory caching allowed the microservice to <span class='blank'>______</span> slow relational disk lookup latency.,General Business,circumvent,ˌsɜːkəmˈvent,verb,"tìm cách lách qua, tránh né trở ngại khéo léo","circumvent rules, circumvent security, circumvent bottlenecks",circumvent = bypass = sidestep = evade = avoid = dodge,Using in-memory caching allowed the microservice to <b style='color:#0284c7'>circumvent</b> slow relational disk lookup latency.
The product owner scheduled a brief alignment call to <span class='blank'>______</span> the acceptance criteria for the user stories.,General Business,clarify,ˈklærəfaɪ,verb,"làm sáng tỏ, giải thích rõ điểm còn mơ hồ","clarify an issue, clarify details, clarify expectations",clarify = explain = elucidate = illuminate = clear up,The product owner scheduled a brief alignment call to <b style='color:#0284c7'>clarify</b> the acceptance criteria for the user stories.
The release of our new software framework was timed to <span class='blank'>______</span> with the keynote at the global developer summit.,General Business,coincide,ˌkəʊɪnˈsaɪd,verb,trùng hợp xảy ra cùng thời điểm,"coincide with, timing coincides with",coincide = correspond = synchronize = overlap = concur,The release of our new software framework was timed to <b style='color:#0284c7'>coincide</b> with the keynote at the global developer summit.
Modern engineering teams utilize real-time <span class='blank'>______</span> code review platforms to maintain code hygiene.,General Business,collaborative,kəˈlæbərətɪv,adjective,"mang tính hợp tác, tinh thần đồng đội cao","collaborative effort, collaborative environment, collaborative tool",collaborative = cooperative = joint = combined = collective,Modern engineering teams utilize real-time <b style='color:#0284c7'>collaborative</b> code review platforms to maintain code hygiene.
Our open-source database engine delivers throughput performance <span class='blank'>______</span> to high-end commercial solutions.,General Business,comparable,ˈkɒmpərəbl,adjective,"tương đương, có thể so sánh ngang bằng","comparable quality, comparable price, roughly comparable",comparable = equivalent = similar = matching = analogous,Our open-source database engine delivers throughput performance <b style='color:#0284c7'>comparable</b> to high-end commercial solutions.
The lead developer demonstrated exceptional technical <span class='blank'>______</span> in concurrency control and SQL tuning.,General Business,competence,ˈkɒmpɪtəns,noun,"năng lực chuyên môn vững vàng, khả năng đáp ứng yêu cầu","technical competence, core competence, demonstrate competence",competence = capability = proficiency = ability = expertise,The lead developer demonstrated exceptional technical <b style='color:#0284c7'>competence</b> in concurrency control and SQL tuning.
The two engineering founders possess <span class='blank'>______</span> strengths across backend systems architecture and frontend UI design.,General Business,complementary,ˌkɒmplɪˈmentri,adjective,bổ sung tương hỗ cho nhau hoàn hảo,"complementary skills, complementary roles, complementary products",complementary = harmonizing = mutually supportive = companion,The two engineering founders possess <b style='color:#0284c7'>complementary</b> strengths across backend systems architecture and frontend UI design.
The distributed storage engine was originally <span class='blank'>______</span> to resolve multi-region database replication delays.,General Business,conceive,kənˈsiːv,verb,"thai nghén, nảy ra ý tưởng thiết kế ban đầu","conceive an idea, conceive a project, brilliantly conceived",conceive = envision = devise = formulate = imagine = design,The distributed storage engine was originally <b style='color:#0284c7'>conceived</b> to resolve multi-region database replication delays.
The software business reported record-breaking customer growth for six <span class='blank'>______</span> financial quarters.,General Business,consecutive,kənˈsekjətɪv,adjective,"liên tục, liền kề không ngắt quãng (chuỗi ngày/quý)","consecutive days, consecutive quarters, three consecutive years",consecutive = sequential = continuous = successive = uninterrupted,The software business reported record-breaking customer growth for six <b style='color:#0284c7'>consecutive</b> financial quarters.
"Automated code formatting ensures a clean, <span class='blank'>______</span> coding style across all microservice repositories.",General Business,consistent,kənˈsɪstənt,adjective,"nhất quán, ổn định trước sau như một","consistent quality, consistent performance, highly consistent",consistent = steady = reliable = uniform = coherent,"Automated code formatting ensures a clean, <b style='color:#0284c7'>consistent</b> coding style across all microservice repositories."
The engineering team was severely <span class='blank'>______</span> by tight delivery deadlines and fixed computing hardware budgets.,General Business,constrain,kənˈstreɪn,verb,"ràng buộc, kìm hãm, giới hạn phạm vi","budget constraints, constrained by, time constraints",constrain = restrict = limit = bound = inhibit = curb,The engineering team was severely <b style='color:#0284c7'>constrained</b> by tight delivery deadlines and fixed computing hardware budgets.
Cloud-native architectures operate much more flexibly than <span class='blank'>______</span> on-premise datacenter setups.,General Business,conventional,kənˈvenʃənl,adjective,theo quy ước truyền thống thông thường,"conventional wisdom, conventional methods, conventional approach",conventional = traditional = standard = customary = standard,Cloud-native architectures operate much more flexibly than <b style='color:#0284c7'>conventional</b> on-premise datacenter setups.
Telemetry traces and server logs <span class='blank'>______</span> the developer's hypothesis regarding database deadlocks.,General Business,corroborate,kəˈrɒbəreɪt,verb,"chứng thực, củng cố thêm bằng chứng xác thực","corroborate evidence, corroborate findings, independent study corroborates",corroborate = confirm = verify = substantiate = authenticate = back up,Telemetry traces and server logs <b style='color:#0284c7'>corroborated</b> the developer's hypothesis regarding database deadlocks.
Six months of collaborative software engineering <span class='blank'>______</span> in the successful release of our version 2.0 platform.,General Business,culminate,ˈkʌlmɪneɪt,verb,"lên đến đỉnh điểm, kết thúc bằng kết quả cao nhất","culminate in, culminate with, efforts culminate",culminate = peak = climax = conclude = result in,Six months of collaborative software engineering <b style='color:#0284c7'>culminated</b> in the successful release of our version 2.0 platform.
Replacing the <span class='blank'>______</span> paper requisition process with automated Slack notifications saved hundreds of administrative hours.,General Business,cumbersome,ˈkʌmbəsəm,adjective,"cồng kềnh, phiền toái phức tạp làm chậm trễ","cumbersome process, cumbersome machinery, cumbersome paperwork",cumbersome = unwieldy = burdensome = clumsy = awkward,Replacing the <b style='color:#0284c7'>cumbersome</b> paper requisition process with automated Slack notifications saved hundreds of administrative hours.
Management introduced automated shutdown policies for idle cloud instances to <span class='blank'>______</span> escalating compute costs.,General Business,curb,kɜːb,verb,"kiềm chế, hãm lại đà tăng của chi phí/lạm phát","curb spending, curb inflation, curb emissions",curb = restrain = control = check = suppress = rein in,Management introduced automated shutdown policies for idle cloud instances to <b style='color:#0284c7'>curb</b> escalating compute costs.
The executive committee voted to <span class='blank'>______</span> the datacenter expansion until second-quarter revenue forecasts are finalized.,General Business,defer,dɪˈfɜːr,verb,"hoãn lại, dời sang thời điểm khác thuận lợi hơn","defer a decision, defer payment, defer maintenance",defer = postpone = delay = put off = hold over,The executive committee voted to <b style='color:#0284c7'>defer</b> the datacenter expansion until second-quarter revenue forecasts are finalized.
The engineering team published the <span class='blank'>______</span> guide for migrating monolith architectures into asynchronous microservices.,General Business,definitive,dɪˈfɪnətɪv,adjective,"dứt khoát, mang tính kết luận cuối cùng chuẩn mực","definitive guide, definitive answer, definitive agreement",definitive = conclusive = authoritative = final = decisive,The engineering team published the <b style='color:#0284c7'>definitive</b> guide for migrating monolith architectures into asynchronous microservices.
A high-level trade <span class='blank'>______</span> of international telecommunication executives visited our software research lab.,General Business,delegation,ˌdelɪˈɡeɪʃn,noun,đoàn đại biểu tham dự HOẶC sự giao phó ủy thác quyền,"trade delegation, delegation of authority, foreign delegation",delegation = contingent = deputation = assignment = entrustment,A high-level trade <b style='color:#0284c7'>delegation</b> of international telecommunication executives visited our software research lab.
The decision to build custom caching infrastructure rather than purchase third-party software was a <span class='blank'>______</span> strategic choice.,General Business,deliberate,dɪˈlɪbərət,adjective,"có chủ ý, được cân nhắc thấu đáo kỹ càng","deliberate decision, deliberate choice, deliberate action",deliberate = intentional = planned = calculated = conscious,The decision to build custom caching infrastructure rather than purchase third-party software was a <b style='color:#0284c7'>deliberate</b> strategic choice.
The service level agreement clearly <span class='blank'>______</span> the operational responsibilities of both the client and hosting provider.,General Business,delineate,dɪˈlɪnieɪt,verb,"vạch rõ ranh giới, mô tả rành mạch chi tiết","clearly delineate, delineate roles, delineate responsibilities",delineate = outline = define = describe = specify = demarcate,The service level agreement clearly <b style='color:#0284c7'>delineates</b> the operational responsibilities of both the client and hosting provider.
Running unindexed full table scans across five hundred million rows will quickly <span class='blank'>______</span> server memory resources.,General Business,deplete,dɪˈpliːt,verb,làm cạn kiệt nguồn dự trữ/tài nguyên,"deplete resources, severely deplete, deplete inventory",deplete = exhaust = consume = drain = run down,Running unindexed full table scans across five hundred million rows will quickly <b style='color:#0284c7'>deplete</b> server memory resources.
"Without regular preventive code refactoring, legacy application maintainability will steadily <span class='blank'>______</span> over time.",General Business,deteriorate,dɪˈtɪəriəreɪt,verb,"suy thoái, xuống cấp, giảm chất lượng dần","conditions deteriorate, performance deteriorates, rapidly deteriorate",deteriorate = worsen = decline = degrade = degenerate,"Without regular preventive code refactoring, legacy application maintainability will steadily <b style='color:#0284c7'>deteriorate</b> over time."
Frequent database disconnections have an immediate and severely <span class='blank'>______</span> effect on customer checkout conversion.,General Business,detrimental,ˌdetrɪˈmentl,adjective,"có hại, gây thiệt hại nghiêm trọng","detrimental effect, detrimental to, prove detrimental",detrimental = harmful = damaging = disadvantageous = injurious,Frequent database disconnections have an immediate and severely <b style='color:#0284c7'>detrimental</b> effect on customer checkout conversion.
Engineers may not <span class='blank'>______</span> from established security encryption standards without explicit sign-off from the CISO.,General Business,deviate,ˈdiːvieɪt,verb,"chệch hướng, sai lệch khỏi lộ trình/chuẩn mực","deviate from the plan, deviate from standards",deviate = stray = diverge = veer = depart from,Engineers may not <b style='color:#0284c7'>deviate</b> from established security encryption standards without explicit sign-off from the CISO.
Integrated AI automated error explanation is the key feature that <span class='blank'>______</span> our platform from competing TOEIC apps.,General Business,differentiate,ˌdɪfəˈrenʃieɪt,verb,tạo điểm khác biệt nổi trội giữa các sản phẩm,"differentiate products, differentiate between, key differentiator",differentiate = distinguish = set apart = discriminate = single out,Integrated AI automated error explanation is the key feature that <b style='color:#0284c7'>differentiates</b> our platform from competing TOEIC apps.
Comprehensive automated testing significantly <span class='blank'>______</span> the likelihood of critical regression defects escaping to production.,General Business,diminish,dɪˈmɪnɪʃ,verb,làm giảm bớt độ lớn/ảnh hưởng,"diminish returns, diminish importance, diminish rapidly",diminish = decrease = reduce = lessen = weaken = shrink,Comprehensive automated testing significantly <b style='color:#0284c7'>diminishes</b> the likelihood of critical regression defects escaping to production.
Engineering team leads have full <span class='blank'>______</span> to allocate up to twenty percent of sprint time toward technical debt reduction.,General Business,discretion,dɪˈskreʃn,noun,quyền tự quyết theo nhận định riêng HOẶC sự thận trọng bảo mật,"at one's discretion, exercise discretion, sole discretion",discretion = judgment = choice = prudence = confidentiality,Engineering team leads have full <b style='color:#0284c7'>discretion</b> to allocate up to twenty percent of sprint time toward technical debt reduction.
Our data integration pipeline synchronizes records seamlessly across five <span class='blank'>______</span> regional accounting databases.,General Business,disparate,ˈdɪspərət,adjective,"khác biệt hoàn toàn về bản chất, không đồng nhất","disparate systems, disparate data sources, disparate groups",disparate = contrasting = divergent = dissimilar = different,Our data integration pipeline synchronizes records seamlessly across five <b style='color:#0284c7'>disparate</b> regional accounting databases.
Publishing transparent benchmark telemetry <span class='blank'>______</span> all community doubts regarding the new engine's performance.,General Business,dispel,dɪˈspel,verb,"xua tan, dập tắt nghi ngờ hoặc lo lắng","dispel rumors, dispel fears, dispel doubts",dispel = banish = eliminate = dismiss = drive away = dissipate,Publishing transparent benchmark telemetry <b style='color:#0284c7'>dispelled</b> all community doubts regarding the new engine's performance.
Rising <span class='blank'>______</span> incomes among young technology professionals stimulated demand for premium online learning subscriptions.,General Business,disposable,dɪˈspəʊzəbl,adjective,dùng một lần rồi bỏ HOẶC thu nhập khả dụng sau thuế,"disposable income, disposable cups, disposable assets",disposable = throwaway = single-use = expendable = available,Rising <b style='color:#0284c7'>disposable</b> incomes among young technology professionals stimulated demand for premium online learning subscriptions.
The executive committee took <span class='blank'>______</span> measures to cut operational overhead after sales fell below targets.,General Business,drastic,ˈdræstɪk,adjective,"mạnh mẽ, quyết liệt, có tác động sâu rộng","drastic measures, drastic change, drastic reduction",drastic = radical = extreme = severe = far-reaching,The executive committee took <b style='color:#0284c7'>drastic</b> measures to cut operational overhead after sales fell below targets.
The board <span class='blank'>______</span> two million dollars specifically for recruiting senior distributed systems engineering talent.,General Business,earmark,ˈɪəmɑːk,verb,"dành riêng, ấn định ngân sách cho mục đích cụ thể","earmark funds, earmark for research, specifically earmarked",earmark = set aside = allocate = designate = reserve,The board <b style='color:#0284c7'>earmarked</b> two million dollars specifically for recruiting senior distributed systems engineering talent.
Rigorous statistical trials demonstrated the high learning <span class='blank'>______</span> of our Spaced Repetition flashcard system.,General Business,efficacy,ˈefɪkəsi,noun,"hiệu lực thực tế, tính hiệu nghiệm của giải pháp","demonstrate efficacy, test efficacy, prove efficacy",efficacy = effectiveness = success = potency = productivity,Rigorous statistical trials demonstrated the high learning <b style='color:#0284c7'>efficacy</b> of our Spaced Repetition flashcard system.
The candidate was asked to <span class='blank'>______</span> on her previous experience designing fault-tolerant payment gateways.,General Business,elaborate,ɪˈlæbəreɪt,verb,giải thích thêm chi tiết cặn kẽ,"elaborate on, elaborate further, please elaborate",elaborate = expand on = detail = explain fully = clarify,The candidate was asked to <b style='color:#0284c7'>elaborate</b> on her previous experience designing fault-tolerant payment gateways.
Our database tuning recommendations are backed by <span class='blank'>______</span> telemetry collected across millions of production queries.,General Business,empirical,ɪmˈpɪrɪkl,adjective,dựa trên bằng chứng thực nghiệm quan sát được,"empirical evidence, empirical data, empirical research",empirical = observational = experimental = factual = evidence-based,Our database tuning recommendations are backed by <b style='color:#0284c7'>empirical</b> telemetry collected across millions of production queries.
Autonomous squad structures <span class='blank'>______</span> software developers to make architectural choices independently.,General Business,empower,ɪmˈpaʊər,verb,"trao quyền tự chủ, tạo điều kiện phát huy năng lực","empower employees, empower teams, empower users",empower = authorize = enable = emancipate = equip,Autonomous squad structures <b style='color:#0284c7'>empower</b> software developers to make architectural choices independently.
The contract terms will <span class='blank'>______</span> the delivery schedule.,Contracts &amp; Agreements,determine,dɪˈtɜːmɪn,verb,"xác định, quyết định căn cứ theo điều khoản","determine the outcome, determine terms",determine = decide = establish = ascertain,The contract terms will <b style='color:#0284c7'>determine</b> the delivery schedule.
We <span class='blank'>______</span> an external legal advisor to review the software licensing agreement.,Contracts &amp; Agreements,engage,ɪnˈɡeɪdʒ,verb,"thuê, cam kết tham gia vào một dự án","engage a consultant, engage in negotiations",engage = hire = employ = participate in,We <b style='color:#0284c7'>engaged</b> an external legal advisor to review the software licensing agreement.
The enterprise <span class='blank'>______</span> a joint venture with a regional distributor.,Contracts &amp; Agreements,establish,ɪˈstæblɪʃ,verb,"thiết lập, thành lập mối quan hệ đối tác bền vững","establish guidelines, establish a partnership",establish = set up = institute = found,The enterprise <b style='color:#0284c7'>established</b> a joint venture with a regional distributor.
Both <span class='blank'>______</span> agreed to all provisions outlined in the memorandum.,Contracts &amp; Agreements,party,ˈpɑːti,noun,bên tham gia ký kết hợp đồng,"third party, both parties, interested party",party = signatory = participant = entity,Both <b style='color:#0284c7'>parties</b> agreed to all provisions outlined in the memorandum.
Please provide <span class='blank'>______</span> requirements for the API integration.,Contracts &amp; Agreements,specific,spəˈsɪfɪk,adjective,"cụ thể, rõ ràng, chi tiết","specific instructions, specific requirements",specific = precise = explicit = detailed,Please provide <b style='color:#0284c7'>specific</b> requirements for the API integration.
We are <span class='blank'>______</span> evaluating three enterprise cloud vendors.,Marketing &amp; Sales,currently,ˈkʌrəntli,adverb,"hiện tại, vào thời điểm này","currently available, currently working on",currently = at present = now = presently,We are <b style='color:#0284c7'>currently</b> evaluating three enterprise cloud vendors.
"Management avoided short-lived <span class='blank'>______</span>, choosing sustainable product architectures.",Marketing &amp; Sales,fad,fæd,noun,"mốt nhất thời, xu hướng ngắn hạn","passing fad, short-lived fad",fad = craze = temporary trend = novelty,"Management avoided short-lived <b style='color:#0284c7'>fads</b>, choosing sustainable product architectures."
The founder's keynote speech <span class='blank'>______</span> confidence among corporate investors.,Marketing &amp; Sales,inspire,ɪnˈspaɪər,verb,"truyền cảm hứng, thúc đẩy sáng tạo","inspire confidence, inspire innovation",inspire = motivate = stimulate = encourage,The founder's keynote speech <b style='color:#0284c7'>inspired</b> confidence among corporate investors.
The startup plans to <span class='blank'>______</span> its database solution to fintech firms.,Marketing &amp; Sales,market,ˈmɑːkɪt,verb,"tiếp thị, quảng bá sản phẩm ra thị trường","market a product, market aggressively",market = promote = advertise = merchandise,The startup plans to <b style='color:#0284c7'>market</b> its database solution to fintech firms.
High durability is a primary <span class='blank'>______</span> of our enterprise server chassis.,Warranties &amp; Consumer Rights,characteristic,ˌkærəktəˈrɪstɪk,noun,"đặc tính, nét đặc trưng của sản phẩm","key characteristic, define characteristics",characteristic = feature = trait = attribute,High durability is a primary <b style='color:#0284c7'>characteristic</b> of our enterprise server chassis.
Failing to replace aging capacitors can lead to severe system failure <span class='blank'>______</span>.,Warranties &amp; Consumer Rights,consequence,ˈkɒnsɪkwəns,noun,"hậu quả, hệ quả tất yếu kéo theo","direct consequence, suffer consequences",consequence = result = outcome = repercussion,Failing to replace aging capacitors can lead to severe system failure <b style='color:#0284c7'>consequences</b>.
Please <span class='blank'>______</span> the extended warranty before completing your hardware purchase.,Warranties &amp; Consumer Rights,consider,kənˈsɪdər,verb,cân nhắc kỹ lưỡng trước khi quyết định,"consider options, carefully consider",consider = contemplate = deliberate = evaluate,Please <b style='color:#0284c7'>consider</b> the extended warranty before completing your hardware purchase.
The service agreement <span class='blank'>______</span> all labor and parts costs for three years.,Warranties &amp; Consumer Rights,cover,ˈkʌvər,verb,"bao gồm, chi trả bảo hành","cover expenses, warranty covers",cover = include = protect = insure = encompass,The service agreement <b style='color:#0284c7'>covers</b> all labor and parts costs for three years.
Please renew your subscription before the <span class='blank'>______</span> date to prevent interruption.,Warranties &amp; Consumer Rights,expiration,ˌekspəˈreɪʃn,noun,sự hết hạn hiệu lực,"expiration date, upon expiration",expiration = termination = end = lapse,Please renew your subscription before the <b style='color:#0284c7'>expiration</b> date to prevent interruption.
We <span class='blank'>______</span> update firmware to patch newly discovered security vulnerabilities.,Warranties &amp; Consumer Rights,frequently,ˈfriːkwəntli,adverb,"thường xuyên, lặp đi lặp lại","frequently asked questions, frequently updated",frequently = often = repeatedly = regularly,We <b style='color:#0284c7'>frequently</b> update firmware to patch newly discovered security vulnerabilities.
The contract wording <span class='blank'>______</span> that maintenance is provided free of charge.,Warranties &amp; Consumer Rights,imply,ɪmˈplaɪ,verb,"ngụ ý, hàm ý không nói thẳng","imply that, strongly imply",imply = suggest = hint = intimate = insinuate,The contract wording <b style='color:#0284c7'>implies</b> that maintenance is provided free of charge.
The vendor honored its <span class='blank'>______</span> to deliver the server hardware within forty-eight hours.,Warranties &amp; Consumer Rights,promise,ˈprɒmɪs,noun,"lời hứa hẹn, cam kết danh dự","make a promise, keep a promise",promise = pledge = undertaking = commitment,The vendor honored its <b style='color:#0284c7'>promise</b> to deliver the server hardware within forty-eight hours.
Advanced cryptographic protocols <span class='blank'>______</span> sensitive customer financial data.,Warranties &amp; Consumer Rights,protect,prəˈtekt,verb,"bảo vệ, che chắn khỏi rủi ro","protect data, protect against loss",protect = shield = safeguard = defend = preserve,Advanced cryptographic protocols <b style='color:#0284c7'>protect</b> sensitive customer financial data.
The company built a solid international <span class='blank'>______</span> for software reliability.,Warranties &amp; Consumer Rights,reputation,ˌrepjuˈteɪʃn,noun,"danh tiếng, uy tín thương hiệu","solid reputation, build a reputation",reputation = prestige = standing = stature,The company built a solid international <b style='color:#0284c7'>reputation</b> for software reliability.
Production database access <span class='blank'>______</span> two-factor hardware authentication.,Warranties &amp; Consumer Rights,require,rɪˈkwaɪər,verb,"yêu cầu, đòi hỏi bắt buộc","require approval, legally require",require = demand = necessitate = mandate,Production database access <b style='color:#0284c7'>requires</b> two-factor hardware authentication.
Our store offers a wide <span class='blank'>______</span> of computer peripherals and ergonomic chairs.,Warranties &amp; Consumer Rights,variety,vəˈraɪəti,noun,sự đa dạng nhiều chủng loại,"wide variety, variety of options",variety = assortment = diversity = selection,Our store offers a wide <b style='color:#0284c7'>variety</b> of computer peripherals and ergonomic chairs.
The team lead called a meeting to <span class='blank'>______</span> the latency bottleneck.,Business Planning &amp; Strategy,address,əˈdres,verb,"giải quyết, xử lý một vấn đề cấp bách","address an issue, address concerns",address = tackle = deal with = attend to,The team lead called a meeting to <b style='color:#0284c7'>address</b> the latency bottleneck.
Thorough automated unit testing helps <span class='blank'>______</span> costly production regressions.,Business Planning &amp; Strategy,avoid,əˈvɔɪd,verb,"tránh, né ngừa rủi ro","avoid delays, avoid mistakes",avoid = prevent = steer clear of = evade,Thorough automated unit testing helps <b style='color:#0284c7'>avoid</b> costly production regressions.
The lead developer <span class='blank'>______</span> the newly built distributed caching architecture.,Business Planning &amp; Strategy,demonstrate,ˈdemənstreɪt,verb,"chứng minh, giải thích thực tế cách hoạt động","demonstrate competence, demonstrate value",demonstrate = show = exhibit = illustrate = prove,The lead developer <b style='color:#0284c7'>demonstrated</b> the newly built distributed caching architecture.
Our engineering squad <span class='blank'>______</span> scalable microservices for financial clients.,Business Planning &amp; Strategy,develop,dɪˈveləp,verb,"phát triển, mở rộng sản phẩm/kỹ năng","develop software, develop strategy",develop = create = formulate = evolve = grow,Our engineering squad <b style='color:#0284c7'>develops</b> scalable microservices for financial clients.
The procurement committee met to <span class='blank'>______</span> proposals from competing cloud providers.,Business Planning &amp; Strategy,evaluate,ɪˈvæljueɪt,verb,đánh giá kỹ lưỡng hiệu quả/tiềm năng,"evaluate performance, evaluate options",evaluate = assess = appraise = judge = rate,The procurement committee met to <b style='color:#0284c7'>evaluate</b> proposals from competing cloud providers.
Product managers <span class='blank'>______</span> user feedback before finalizing the dashboard redesign.,Business Planning &amp; Strategy,gather,ˈɡæðər,verb,thu thập dữ liệu/tập hợp mọi người,"gather data, gather feedback",gather = collect = assemble = amass = compile,Product managers <b style='color:#0284c7'>gathered</b> user feedback before finalizing the dashboard redesign.
The vendor <span class='blank'>______</span> a twenty percent discount for annual enterprise billing.,Business Planning &amp; Strategy,offer,ˈɒfər,verb,"cung cấp, đưa ra đề xuất/dịch vụ","offer a discount, offer assistance",offer = provide = present = propose = extend,The vendor <b style='color:#0284c7'>offered</b> a twenty percent discount for annual enterprise billing.
Our backend infrastructure is <span class='blank'>______</span> deployed on high-performance Linux instances.,Business Planning &amp; Strategy,primarily,praɪˈmærəli,adverb,"chủ yếu, phần lớn","primarily focused on, primarily responsible",primarily = mainly = mostly = chiefly = largely,Our backend infrastructure is <b style='color:#0284c7'>primarily</b> deployed on high-performance Linux instances.
Automated regression suites significantly minimize deployment <span class='blank'>______</span>.,Business Planning &amp; Strategy,risk,rɪsk,noun,rủi ro kinh doanh hoặc kỹ thuật,"take a risk, minimize risk, high risk",risk = hazard = danger = peril = liability,Automated regression suites significantly minimize deployment <b style='color:#0284c7'>risk</b>.
The enterprise adopted an aggressive international market expansion <span class='blank'>______</span>.,Business Planning &amp; Strategy,strategy,ˈstrætədʒi,noun,chiến lược dài hạn có mục tiêu rõ ràng,"business strategy, marketing strategy",strategy = master plan = policy = blueprint,The enterprise adopted an aggressive international market expansion <b style='color:#0284c7'>strategy</b>.
The company demonstrated <span class='blank'>______</span> financial results despite challenging macroeconomic conditions.,Business Planning &amp; Strategy,strong,strɒŋ,adjective,"mạnh mẽ, bền vững, thuyết phục","strong growth, strong argument",strong = robust = powerful = solid = forceful,The company demonstrated <b style='color:#0284c7'>strong</b> financial results despite challenging macroeconomic conditions.
No component <span class='blank'>______</span> are permitted without written approval from the quality assurance lead.,Business Planning &amp; Strategy,substitution,ˌsʌbstɪˈtjuːʃn,noun,sự thay thế bằng phương án/vật liệu khác,"substitution of materials, direct substitution",substitution = replacement = exchange = swap,No component <b style='color:#0284c7'>substitutions</b> are permitted without written approval from the quality assurance lead.
The software developers <span class='blank'>______</span> hosts an annual international summit.,Conferences &amp; Events,association,əˌsəʊsiˈeɪʃn,noun,"hiệp hội, tổ chức ngành nghề liên kết","trade association, professional association",association = organization = alliance = union,The software developers <b style='color:#0284c7'>association</b> hosts an annual international summit.
More than eight hundred software engineers <span class='blank'>______</span> yesterday's technical keynote.,Conferences &amp; Events,attend,əˈtend,verb,"tham dự sự kiện, có mặt tại cuộc họp","attend a meeting, attend a seminar",attend = be present at = participate in = go to,More than eight hundred software engineers <b style='color:#0284c7'>attended</b> yesterday's technical keynote.
The board of directors will <span class='blank'>______</span> its quarterly planning review next Thursday.,Conferences &amp; Events,hold,həʊld,verb,tổ chức cuộc họp/sự kiện,"hold a meeting, hold a conference",hold = conduct = host = organize = convene,The board of directors will <b style='color:#0284c7'>hold</b> its quarterly planning review next Thursday.
The hotel was selected as the conference venue due to its convenient downtown <span class='blank'>______</span>.,Conferences &amp; Events,location,ləʊˈkeɪʃn,noun,"vị trí, địa điểm cụ thể","prime location, central location",location = place = site = venue = spot,The hotel was selected as the conference venue due to its convenient downtown <b style='color:#0284c7'>location</b>.
"The popular microservices workshop became <span class='blank'>______</span>, prompting organizers to add a second session.",Conferences &amp; Events,overcrowded,ˌəʊvəˈkraʊdɪd,adjective,"quá đông đúc, vượt sức chứa","overcrowded room, overcrowded hall",overcrowded = packed = congested = jammed,"The popular microservices workshop became <b style='color:#0284c7'>overcrowded</b>, prompting organizers to add a second session."
The evaluation committee will <span class='blank'>______</span> the winning proposal based on technical feasibility.,Conferences &amp; Events,select,sɪˈlekt,verb,chọn lựa kỹ lưỡng từ nhiều phương án,"carefully select, select a vendor",select = choose = pick = opt for = designate,The evaluation committee will <b style='color:#0284c7'>select</b> the winning proposal based on technical feasibility.
Developers must use secure SSH keys to <span class='blank'>______</span> staging server instances.,Computers &amp; IT,access,ˈækses,verb,truy cập vào cơ sở dữ liệu/tài nguyên,"gain access, unauthorized access, access records",access = enter = retrieve = admit = reach,Developers must use secure SSH keys to <b style='color:#0284c7'>access</b> staging server instances.
The retention script <span class='blank'>______</span> outdated temporary logs older than thirty days.,Computers &amp; IT,delete,dɪˈliːt,verb,xóa bỏ dữ liệu khỏi bộ nhớ,"delete records, permanently delete",delete = erase = remove = wipe out = expunge,The retention script <b style='color:#0284c7'>deletes</b> outdated temporary logs older than thirty days.
The telemetry monitoring dashboard <span class='blank'>______</span> real-time server CPU utilization.,Computers &amp; IT,display,dɪˈspleɪ,verb,hiển thị thông tin lên màn hình,"display results, high-resolution display",display = show = exhibit = present = reveal,The telemetry monitoring dashboard <b style='color:#0284c7'>displays</b> real-time server CPU utilization.
Never <span class='blank'>______</span> compiler warnings during release build compilation.,Computers &amp; IT,ignore,ɪɡˈnɔːr,verb,"bỏ qua, phớt lờ cảnh báo","ignore warnings, ignore errors",ignore = disregard = overlook = neglect,Never <b style='color:#0284c7'>ignore</b> compiler warnings during release build compilation.
The full-text indexing engine allows users to <span class='blank'>______</span> millions of documents instantly.,Computers &amp; IT,search,sɜːtʃ,verb,tìm kiếm dữ liệu/thông tin,"search the database, keyword search",search = seek = look for = explore = scour,The full-text indexing engine allows users to <b style='color:#0284c7'>search</b> millions of documents instantly.
An automated alert sent a <span class='blank'>______</span> notification when disk storage reached ninety percent.,Computers &amp; IT,warning,ˈwɔːnɪŋ,noun,lời cảnh báo nguy cơ hỏng hóc/bảo mật,"early warning, issue a warning",warning = alert = caution = notification = alarm,An automated alert sent a <b style='color:#0284c7'>warning</b> notification when disk storage reached ninety percent.
The vendor provides <span class='blank'>______</span> subscription plans tailored for early-stage tech startups.,Office Operations,affordable,əˈfɔːdəbl,adjective,"vừa túi tiền, giá cả phải chăng","affordable price, affordable rates",affordable = reasonably priced = inexpensive = economical,The vendor provides <b style='color:#0284c7'>affordable</b> subscription plans tailored for early-stage tech startups.
The primary datacenter is currently operating at eighty percent of its network <span class='blank'>______</span>.,Office Operations,capacity,kəˈpæsəti,noun,"sức chứa, dung lượng, công suất","seating capacity, storage capacity, at full capacity",capacity = volume = capability = limit = space,The primary datacenter is currently operating at eighty percent of its network <b style='color:#0284c7'>capacity</b>.
We switched our cloud hosting <span class='blank'>______</span> to improve global server availability.,Office Operations,provider,prəˈvaɪdər,noun,nhà cung cấp dịch vụ viễn thông/hạ tầng,"service provider, healthcare provider, internet provider",provider = supplier = vendor = purveyor = source,We switched our cloud hosting <b style='color:#0284c7'>provider</b> to improve global server availability.
The bug fix ensures that timeout errors will not <span class='blank'>______</span> under elevated traffic volumes.,Office Operations,recur,rɪˈkɜːr,verb,"tái diễn, lặp lại nhiều lần theo chu kỳ","problem recurs, recurring billing",recur = happen again = repeat = return = reappear,The bug fix ensures that timeout errors will not <b style='color:#0284c7'>recur</b> under elevated traffic volumes.
Refactoring SQL queries achieved a seventy percent <span class='blank'>______</span> in server memory footprint.,Office Operations,reduction,rɪˈdʌkʃn,noun,"sự cắt giảm, giảm bớt (chi phí, độ trễ)","cost reduction, price reduction, dramatic reduction",reduction = decrease = cut = lowering = curtailment,Refactoring SQL queries achieved a seventy percent <b style='color:#0284c7'>reduction</b> in server memory footprint.
We sincerely <span class='blank'>______</span> your prompt assistance during the datacenter migration.,Office Operations,appreciate,əˈpriːʃieɪt,verb,"đánh giá cao, cảm kích lòng tốt","greatly appreciate, appreciate your help",appreciate = value = prize = be grateful for,We sincerely <b style='color:#0284c7'>appreciate</b> your prompt assistance during the datacenter migration.
All staff members are expected to comply strictly with the corporate <span class='blank'>______</span> of conduct.,Office Operations,code,kəʊd,noun,bộ quy tắc ứng xử HOẶC mã nguồn phần mềm,"code of conduct, source code, building code",code = rules = regulations = program script,All staff members are expected to comply strictly with the corporate <b style='color:#0284c7'>code</b> of conduct.
Leaving default credentials unchanged <span class='blank'>______</span> production databases to automated intrusion.,Office Operations,expose,ɪkˈspəʊz,verb,"để lộ, phơi bày ra trước ánh sáng/nguy cơ","expose to risk, expose a flaw",expose = reveal = uncover = lay bare = subject to,Leaving default credentials unchanged <b style='color:#0284c7'>exposes</b> production databases to automated intrusion.
The product showcase gave attendees an exciting <span class='blank'>______</span> into upcoming AI integrations.,Office Operations,glimpse,ɡlɪmps,noun,"cái nhìn thoáng qua, lướt thấy sơ qua","catch a glimpse, brief glimpse",glimpse = quick look = glance = peek,The product showcase gave attendees an exciting <b style='color:#0284c7'>glimpse</b> into upcoming AI integrations.
Writing thorough automated unit tests is recognized as an industry standard <span class='blank'>______</span>.,Office Operations,practice,ˈpræktɪs,noun,"thói quen, thông lệ làm việc chuẩn mực","best practice, common practice, standard practice",practice = routine = custom = method = procedure,Writing thorough automated unit tests is recognized as an industry standard <b style='color:#0284c7'>practice</b>.
Contract modifications agreed upon <span class='blank'>______</span> must be documented in writing to take legal effect.,Office Operations,verbally,ˈvɜːbəli,adverb,"bằng lời nói, bằng miệng (không qua văn bản)","communicate verbally, agreed verbally",verbally = orally = by word of mouth = spoken,Contract modifications agreed upon <b style='color:#0284c7'>verbally</b> must be documented in writing to take legal effect.
Our corporate internal <span class='blank'>______</span> is protected by enterprise-grade intrusion detection firewalls.,Computers &amp; IT,network,ˈnetwɜːk,noun,hệ thống mạng máy tính hoặc mạng lưới đối tác,"computer network, neural network, network security",network = grid = system = web = interconnect,Our corporate internal <b style='color:#0284c7'>network</b> is protected by enterprise-grade intrusion detection firewalls.
The IT technician <span class='blank'>______</span> the failed mechanical hard drive with an enterprise SSD.,Computers &amp; IT,replace,rɪˈpleɪs,verb,thay thế máy móc/nhân sự bằng cái khác,"replace equipment, replace with",replace = substitute = swap = supersede = exchange,The IT technician <b style='color:#0284c7'>replaced</b> the failed mechanical hard drive with an enterprise SSD.
The rapid advent of large language models sparked a major <span class='blank'>______</span> in software development.,Computers &amp; IT,revolution,ˌrevəˈluːʃn,noun,cuộc cách mạng công nghệ mang tính đột phá,"technological revolution, digital revolution",revolution = breakthrough = transformation = upheaval,The rapid advent of large language models sparked a major <b style='color:#0284c7'>revolution</b> in software development.
The platform recorded a <span class='blank'>______</span> increase in concurrent users following the live product launch.,Computers &amp; IT,sharp,ʃɑːp,adjective,"sắc bén, đột ngột, rõ rệt (sự tăng/giảm)","sharp increase, sharp decline, sharp contrast",sharp = steep = dramatic = sudden = acute,The platform recorded a <b style='color:#0284c7'>sharp</b> increase in concurrent users following the live product launch.
Candidates must demonstrate advanced <span class='blank'>______</span> in building resilient distributed backend microservices.,Computers &amp; IT,skill,skɪl,noun,kỹ năng chuyên môn thuần thục,"technical skills, communication skills, acquire skills",skill = competence = ability = expertise = proficiency,Candidates must demonstrate advanced <b style='color:#0284c7'>skills</b> in building resilient distributed backend microservices.
All workstations run licensed antivirus <span class='blank'>______</span> that updates threat definitions daily.,Computers &amp; IT,software,ˈsɒftweər,noun,"phần mềm, ứng dụng tin học","software developer, software architecture, install software",software = application = program = system = suite,All workstations run licensed antivirus <b style='color:#0284c7'>software</b> that updates threat definitions daily.
The proposed architecture is <span class='blank'>______</span> feasible but requires additional cloud computing budget.,Computers &amp; IT,technically,ˈteknɪkli,adverb,"về mặt kỹ thuật, theo đúng chuyên môn","technically feasible, technically speaking",technically = technologically = strictly speaking,The proposed architecture is <b style='color:#0284c7'>technically</b> feasible but requires additional cloud computing budget.
The project lead <span class='blank'>______</span> a dedicated task force to investigate the production incident.,Office Operations,assemble,əˈsembl,verb,lắp ráp bộ phận HOẶC tập hợp tài liệu/mọi người,"assemble parts, assemble a team, assemble documents",assemble = put together = gather = construct = build,The project lead <b style='color:#0284c7'>assembled</b> a dedicated task force to investigate the production incident.
Please review the distributed agenda <span class='blank'>______</span> so that we can conclude the meeting promptly.,Office Operations,beforehand,bɪˈfɔːhænd,adverb,"trước đó, từ trước","notify beforehand, prepare beforehand",beforehand = in advance = ahead of time = previously,Please review the distributed agenda <b style='color:#0284c7'>beforehand</b> so that we can conclude the meeting promptly.
Unforeseen database migration <span class='blank'>______</span> delayed the product release by two days.,Office Operations,complication,ˌkɒmplɪˈkeɪʃn,noun,"sự phức tạp phát sinh, trục trặc bất ngờ","arise complications, unforeseen complication",complication = difficulty = obstacle = problem = snag,Unforeseen database migration <b style='color:#0284c7'>complications</b> delayed the product release by two days.
The replacement memory modules were dispatched via overnight <span class='blank'>______</span> mail.,Office Operations,express,ɪkˈspres,adjective,"hỏa tốc, chuyển phát nhanh siêu tốc","express delivery, express courier, express mail",express = rapid = fast = prompt = swift,The replacement memory modules were dispatched via overnight <b style='color:#0284c7'>express</b> mail.
The open-plan office <span class='blank'>______</span> fosters active collaboration among software engineering squads.,Office Operations,layout,ˈleɪaʊt,noun,"bố cục, sơ đồ bài trí mặt bằng hoặc trang web","office layout, page layout, website layout",layout = design = arrangement = format = blueprint,The open-plan office <b style='color:#0284c7'>layout</b> fosters active collaboration among software engineering squads.
The hiring manager <span class='blank'>______</span> that remote working flexibility is available after onboarding.,Office Operations,mention,ˈmenʃn,verb,"đề cập tới, nhắc đến trong cuộc trao đổi","mention that, brief mention, not to mention",mention = refer to = state = note = cite,The hiring manager <b style='color:#0284c7'>mentioned</b> that remote working flexibility is available after onboarding.
Please retain your original sales invoice as <span class='blank'>______</span> of purchase for warranty claims.,Office Operations,proof,pruːf,noun,bằng chứng xác thực HOẶC bản in thử soát lỗi,"proof of payment, proof of purchase, conclusive proof",proof = evidence = verification = confirmation = trial print,Please retain your original sales invoice as <b style='color:#0284c7'>proof</b> of purchase for warranty claims.
The technical documentation team <span class='blank'>______</span> the developer guide based on community feedback.,Office Operations,revise,rɪˈvaɪz,verb,"chỉnh sửa, sửa đổi văn bản/mã nguồn","revise a draft, revise the budget, revised edition",revise = edit = amend = modify = correct = update,The technical documentation team <b style='color:#0284c7'>revised</b> the developer guide based on community feedback.
The IT department will replace outdated computer <span class='blank'>______</span> across the office this weekend.,Computers &amp; IT,hardware,ˈhɑːd.weər,noun,"phần cứng, linh kiện và trang thiết bị máy tính vật lý","hardware upgrade, computer hardware, hardware failure",hardware ↔ equipment / physical components / machinery,The IT department will replace outdated computer <b style='color:#0284c7'>hardware</b> across the office this weekend.
All customer transaction records are stored securely in a cloud-hosted <span class='blank'>______</span>.,Computers &amp; IT,database,ˈdeɪ.tə.beɪs,noun,cơ sở dữ liệu có cấu trúc phục vụ lưu trữ và truy vấn,"database administrator, customer database, relational database",database ↔ data repository / records / archives,All customer transaction records are stored securely in a cloud-hosted <b style='color:#0284c7'>database</b>.
The company email <span class='blank'>______</span> will be temporarily offline for scheduled maintenance tonight.,Computers &amp; IT,server,ˈsɜː.vər,noun,máy chủ cung cấp dịch vụ hoặc lưu trữ dữ liệu tập trung,"server maintenance, dedicated server, web server",server ↔ host / central system / main computer,The company email <b style='color:#0284c7'>server</b> will be temporarily offline for scheduled maintenance tonight.
Every new software developer is provided with a dual-monitor <span class='blank'>______</span> on their first day.,Computers &amp; IT,workstation,ˈwɜːkˌsteɪ.ʃən,noun,"trạm làm việc, máy tính chuyên dụng có hiệu năng cao của nhân viên","ergonomic workstation, desktop workstation, assign a workstation",workstation ↔ desktop computer / terminal / office desk,Every new software developer is provided with a dual-monitor <b style='color:#0284c7'>workstation</b> on their first day.
We plan to <span class='blank'>______</span> our enterprise software to enhance overall data processing speed.,Computers &amp; IT,upgrade,ʌpˈɡreɪd,verb,nâng cấp phiên bản phần mềm hoặc cải tiến linh kiện phần cứng,"upgrade the system, upgrade to the latest version, hardware upgrade",upgrade ↔ improve / modernize / enhance / update,We plan to <b style='color:#0284c7'>upgrade</b> our enterprise software to enhance overall data processing speed.
Please do not <span class='blank'>______</span> unauthorized third-party applications on company laptops.,Computers &amp; IT,install,ɪnˈstɔːl,verb,cài đặt phần mềm vào hệ thống hoặc lắp ráp thiết bị mới,"install software, install security updates, installation guide",install ↔ set up / put in / mount / deploy,Please do not <b style='color:#0284c7'>install</b> unauthorized third-party applications on company laptops.
The engineering team released an emergency patch to resolve a critical security <span class='blank'>______</span>.,Computers &amp; IT,bug,bʌɡ,noun,lỗi phần mềm trong mã nguồn khiến chương trình chạy sai lệch,"fix a bug, software bug, bug report",bug ↔ flaw / defect / glitch / programming error,The engineering team released an emergency patch to resolve a critical security <b style='color:#0284c7'>bug</b>.
A temporary <span class='blank'>______</span> in our payment gateway prevented users from completing checkout.,Computers &amp; IT,glitch,ɡlɪtʃ,noun,"sự cố kỹ thuật nhỏ, trục trặc tạm thời của phần mềm hoặc đường truyền","minor glitch, technical glitch, system glitch",glitch ↔ temporary malfunction / hitch / snag / minor error,A temporary <b style='color:#0284c7'>glitch</b> in our payment gateway prevented users from completing checkout.
Save your work frequently so you do not lose unsaved data if the program <span class='blank'>______</span>.,Computers &amp; IT,crash,kræʃ,verb,sự cố sập hệ thống hoặc ứng dụng bị dừng đột ngột,"system crash, the application crashed, recover from a crash",crash ↔ shut down unexpectedly / freeze / collapse / break down,Save your work frequently so you do not lose unsaved data if the program <b style='color:#0284c7'>crashes</b>.
"If your browser <span class='blank'>______</span> while submitting the form, restart the application and try again.",Computers &amp; IT,freeze,friːz,verb,"bị đóng băng, treo cứng giao diện không tiếp nhận thao tác","screen freezes, computer freezes up, application freeze",freeze ↔ become unresponsive / lock up / halt,"If your browser <b style='color:#0284c7'>freezes</b> while submitting the form, restart the application and try again."
"When the operating system becomes <span class='blank'>______</span>, you may need to force restart the device.",Computers &amp; IT,unresponsive,ˌʌn.rɪˈspɒn.sɪv,adjective,không phản hồi tín hiệu hoặc thao tác của người dùng,"become unresponsive, unresponsive program, unresponsive server",unresponsive ↔ frozen / locked / not reacting,"When the operating system becomes <b style='color:#0284c7'>unresponsive</b>, you may need to force restart the device."
Employees should submit an IT <span class='blank'>______</span> whenever they encounter network connectivity problems.,Computers &amp; IT,ticket,ˈtɪk.ɪt,noun,phiếu ghi nhận yêu cầu trợ giúp kỹ thuật từ người dùng,"submit a support ticket, resolve a ticket, open a ticket",ticket ↔ support request / incident report / case,Employees should submit an IT <b style='color:#0284c7'>ticket</b> whenever they encounter network connectivity problems.
"If you forget your network password, contact the <span class='blank'>______</span> at extension 404.",Computers &amp; IT,helpdesk,ˈhelp.desk,noun,bộ phận hỗ trợ kỹ thuật và giải đáp thắc mắc CNTT nội bộ,"contact the helpdesk, helpdesk technician, helpdesk support",helpdesk ↔ tech support / IT assistance desk / service desk,"If you forget your network password, contact the <b style='color:#0284c7'>helpdesk</b> at extension 404."
System administrators must install the latest security <span class='blank'>______</span> as soon as it is released.,Computers &amp; IT,patch,pætʃ,noun,bản vá phần mềm sửa chữa lỗ hổng bảo mật hoặc lỗi chức năng,"security patch, apply a patch, software patch",patch ↔ fix / update / code modification / hotfix,System administrators must install the latest security <b style='color:#0284c7'>patch</b> as soon as it is released.
Updating your office router <span class='blank'>______</span> will improve network stability and security.,Computers &amp; IT,firmware,ˈfɜːm.weər,noun,phần mềm cơ sở điều khiển phần cứng được lập trình sẵn trong vi mạch,"firmware update, router firmware, upgrade firmware",firmware ↔ embedded software / microcode / device program,Updating your office router <b style='color:#0284c7'>firmware</b> will improve network stability and security.
Please download and install the latest printer <span class='blank'>______</span> from the manufacturer's website.,Computers &amp; IT,driver,ˈdraɪ.vər,noun,trình điều khiển thiết bị giúp hệ điều hành nhận diện phần cứng,"printer driver, install drivers, graphics driver",driver ↔ controller program / device software,Please download and install the latest printer <b style='color:#0284c7'>driver</b> from the manufacturer's website.
The intranet portal will undergo scheduled <span class='blank'>______</span> this Sunday from 2 AM to 6 AM.,Computers &amp; IT,maintenance,ˈmeɪn.tən.əns,noun,"công tác bảo trì, duy tu và kiểm tra định kỳ hệ thống","scheduled maintenance, routine maintenance, network maintenance",maintenance ↔ servicing / upkeep / care / overhaul,The intranet portal will undergo scheduled <b style='color:#0284c7'>maintenance</b> this Sunday from 2 AM to 6 AM.
You will need to <span class='blank'>______</span> your computer after the software update finishes installing.,Computers &amp; IT,reboot,riːˈbuːt,verb,khởi động lại máy tính hoặc hệ điều hành,"reboot the system, automatically reboot, reboot after updates",reboot ↔ restart / reload / power-cycle,You will need to <b style='color:#0284c7'>reboot</b> your computer after the software update finishes installing.
Our organization decided to <span class='blank'>______</span> all internal databases to cloud servers next quarter.,Computers &amp; IT,migrate,maɪˈɡreɪt,verb,chuyển dịch dữ liệu hoặc ứng dụng sang hạ tầng/nền tảng mới,"migrate to the cloud, data migration, migrate applications",migrate ↔ transfer / relocate / shift / transition,Our organization decided to <b style='color:#0284c7'>migrate</b> all internal databases to cloud servers next quarter.
Cloud storage allows employees to <span class='blank'>______</span> project documents across multiple devices.,Computers &amp; IT,synchronize,ˈsɪŋ.krə.naɪz,verb,đồng bộ hóa dữ liệu để thống nhất nội dung giữa các thiết bị,"synchronize files, automatically synchronize, synchronization settings",synchronize ↔ match up / align / sync / coordinate,Cloud storage allows employees to <b style='color:#0284c7'>synchronize</b> project documents across multiple devices.
The backend engineers worked to <span class='blank'>______</span> database queries to reduce page loading times.,Computers &amp; IT,optimize,ˈɒp.tɪ.maɪz,verb,tối ưu hóa để đạt hiệu suất cao nhất và tốn ít tài nguyên nhất,"optimize performance, search engine optimization, optimize code",optimize ↔ streamline / maximize efficiency / fine-tune / improve,The backend engineers worked to <b style='color:#0284c7'>optimize</b> database queries to reduce page loading times.
We can save hours each week if we <span class='blank'>______</span> our daily customer reporting procedures.,Computers &amp; IT,automate,ˈɔː.tə.meɪt,verb,tự động hóa quy trình bằng công nghệ máy tính thay vì thao tác tay,"automate tasks, automated testing, process automation",automate ↔ computerize / mechanize / streamline,We can save hours each week if we <b style='color:#0284c7'>automate</b> our daily customer reporting procedures.
The new CRM software is designed to <span class='blank'>______</span> seamlessly with our accounting database.,Computers &amp; IT,integrate,ˈɪn.tɪ.ɡreɪt,verb,tích hợp các ứng dụng hoặc thành phần công nghệ vào một thể thống nhất,"integrate with third-party tools, system integration, seamlessly integrate",integrate ↔ combine / incorporate / link / blend,The new CRM software is designed to <b style='color:#0284c7'>integrate</b> seamlessly with our accounting database.
Strict <span class='blank'>______</span> with data privacy regulations is mandatory for all engineering staff.,Computers &amp; IT,compliance,kəmˈplaɪ.əns,noun,sự tuân thủ đúng các quy chuẩn an toàn thông tin và chính sách kỹ thuật,"regulatory compliance, security compliance, ensure compliance",compliance ↔ adherence / conformity / obedience / observance,Strict <b style='color:#0284c7'>compliance</b> with data privacy regulations is mandatory for all engineering staff.
Only senior project managers have <span class='blank'>______</span> to approve financial code modifications.,Computers &amp; IT,permission,pəˈmɪʃ.ən,noun,quyền hạn được cấp phép truy cập hoặc chỉnh sửa tệp tin/hệ thống,"access permissions, grant permission, require permission",permission ↔ authorization / consent / access rights,Only senior project managers have <b style='color:#0284c7'>permission</b> to approve financial code modifications.
You must log in with administrator <span class='blank'>______</span> to install new drivers on this server.,Computers &amp; IT,privilege,ˈprɪv.əl.ɪdʒ,noun,đặc quyền tài khoản quản trị hệ thống cao cấp,"administrator privileges, elevated privileges, revoke privileges",privilege ↔ special right / authority / administrative rights,You must log in with administrator <b style='color:#0284c7'>privileges</b> to install new drivers on this server.
Regular audits help software companies discover and fix system <span class='blank'>______</span> promptly.,Computers &amp; IT,vulnerability,ˌvʌl.nər.əˈbɪl.ə.ti,noun,lỗ hổng bảo mật tiềm ẩn nguy cơ bị tin tặc khai thác tấn công,"security vulnerability, patch a vulnerability, assess vulnerabilities",vulnerability ↔ weakness / flaw / security loophole,Regular audits help software companies discover and fix system <b style='color:#0284c7'>vulnerabilities</b> promptly.
All incoming email attachments are automatically scanned for <span class='blank'>______</span> before delivery.,Computers &amp; IT,malware,ˈmæl.weər,noun,"mã độc và phần mềm độc hại (virus, trojan, phần mềm tống tiền)","infected with malware, malware detection, remove malware",malware ↔ malicious software / computer virus / spyware,All incoming email attachments are automatically scanned for <b style='color:#0284c7'>malware</b> before delivery.
Employees received training on how to spot deceptive <span class='blank'>______</span> emails from unknown senders.,Computers &amp; IT,phishing,ˈfɪʃ.ɪŋ,noun,thủ đoạn lừa đảo qua email hoặc trang web giả mạo để chiếm đoạt mật khẩu,"phishing attack, phishing email, beware of phishing",phishing ↔ email scam / social engineering fraud / credential theft,Employees received training on how to spot deceptive <b style='color:#0284c7'>phishing</b> emails from unknown senders.
All contractors are required to sign a nondisclosure agreement to ensure client <span class='blank'>______</span>.,Computers &amp; IT,confidentiality,ˌkɒn.fɪ.den.ʃiˈæl.ə.ti,noun,"tính bảo mật tuyệt đối, cam kết không để lộ thông tin nhạy cảm","maintain confidentiality, confidentiality agreement, breach of confidentiality",confidentiality ↔ privacy / secrecy / nondisclosure,All contractors are required to sign a nondisclosure agreement to ensure client <b style='color:#0284c7'>confidentiality</b>.
Hashing algorithms are utilized to verify the <span class='blank'>______</span> of transmitted software packages.,Computers &amp; IT,integrity,ɪnˈteɡ.rə.ti,noun,"tính toàn vẹn của dữ liệu, không bị sửa đổi hay hư hại trái phép","data integrity, ensure integrity, structural integrity",integrity ↔ soundness / wholeness / reliability / accuracy,Hashing algorithms are utilized to verify the <b style='color:#0284c7'>integrity</b> of transmitted software packages.
The antivirus software immediately <span class='blank'>______</span> the downloaded attachment upon detection.,Computers &amp; IT,quarantine,ˈkwɒr.ən.tiːn,verb,cách ly tệp tin đáng ngờ để ngăn chặn lây nhiễm mã độc sang máy tính,"quarantine infected files, quarantine mode, isolate and quarantine",quarantine ↔ isolate / sequester / separate,The antivirus software immediately <b style='color:#0284c7'>quarantined</b> the downloaded attachment upon detection.
"When an employee leaves the company, human resources will immediately <span class='blank'>______</span> their system access.",Computers &amp; IT,revoke,rɪˈvəʊk,verb,thu hồi quyền truy cập mạng hoặc hủy bỏ chứng chỉ bảo mật,"revoke access, revoke a license, revoke permissions",revoke ↔ cancel / withdraw / repeal / rescind,"When an employee leaves the company, human resources will immediately <b style='color:#0284c7'>revoke</b> their system access."
Storing files in the <span class='blank'>______</span> ensures that remote workers can collaborate from anywhere.,Computers &amp; IT,cloud,klaʊd,noun,điện toán đám mây lưu trữ dữ liệu và cung cấp phần mềm qua internet,"cloud computing, cloud storage, store in the cloud",cloud ↔ virtual infrastructure / online storage / hosted services,Storing files in the <b style='color:#0284c7'>cloud</b> ensures that remote workers can collaborate from anywhere.
Technicians can solve most computer issues by establishing a secure <span class='blank'>______</span> desktop session.,Computers &amp; IT,remote,rɪˈməʊt,adjective,"từ xa, kết nối điều khiển hệ thống hoặc làm việc không tại văn phòng","remote access, remote employee, remote desktop connection",remote ↔ distant / off-site / virtual / teleworking,Technicians can solve most computer issues by establishing a secure <b style='color:#0284c7'>remote</b> desktop session.
Server <span class='blank'>______</span> helped our data center cut electricity costs by sixty percent.,Computers &amp; IT,virtualization,ˌvɜː.tʃu.ə.laɪˈzeɪ.ʃən,noun,công nghệ ảo hóa tài nguyên máy chủ và hệ điều hành,"server virtualization, hardware virtualization, virtualization technology",virtualization ↔ emulation / virtual machines / logical partitioning,Server <b style='color:#0284c7'>virtualization</b> helped our data center cut electricity costs by sixty percent.
The fiber-optic cable upgrade doubled the network <span class='blank'>______</span> across corporate headquarters.,Computers &amp; IT,throughput,ˈθruː.pʊt,noun,lưu lượng xử lý và truyền tải dữ liệu qua hệ thống trong một đơn vị thời gian,"network throughput, high throughput, maximize throughput",throughput ↔ processing capacity / transmission rate / output rate,The fiber-optic cable upgrade doubled the network <b style='color:#0284c7'>throughput</b> across corporate headquarters.
Customers are redirected to an encrypted payment <span class='blank'>______</span> to finalize their orders safely.,Computers &amp; IT,gateway,ˈɡeɪt.weɪ,noun,cổng kết nối mạng trung gian nối các hệ thống khác giao thức,"payment gateway, default gateway, network gateway",gateway ↔ portal / entry point / interface node,Customers are redirected to an encrypted payment <b style='color:#0284c7'>gateway</b> to finalize their orders safely.
Company internet traffic passes through a <span class='blank'>______</span> server to filter out hazardous web content.,Computers &amp; IT,proxy,ˈprɒk.si,noun,máy chủ trung gian ủy quyền chuyển tiếp và lọc yêu cầu truy cập mạng,"proxy server, reverse proxy, configure a proxy",proxy ↔ intermediary / delegate / broker,Company internet traffic passes through a <b style='color:#0284c7'>proxy</b> server to filter out hazardous web content.
<span class='blank'>______</span> protection software is installed on every workstation to shield against cyber threats.,Computers &amp; IT,endpoint,ˈend.pɔɪnt,noun,điểm cuối kết nối của thiết bị người dùng hoặc địa chỉ API nhận yêu cầu,"endpoint security, API endpoint, network endpoints",endpoint ↔ terminal device / destination / API URL,<b style='color:#0284c7'>Endpoint</b> protection software is installed on every workstation to shield against cyber threats.
A connection <span class='blank'>______</span> error occurred because the remote server took too long to respond.,Computers &amp; IT,timeout,ˈtaɪm.aʊt,noun,lỗi hết thời gian chờ phản hồi do hệ thống hoặc mạng phản hồi quá chậm,"connection timeout, request timeout, set a timeout",timeout ↔ expiration / time limit reached / deadline exceeded,A connection <b style='color:#0284c7'>timeout</b> error occurred because the remote server took too long to respond.
The data science department is analyzing a large <span class='blank'>______</span> to forecast sales trends for Q4.,Computers &amp; IT,dataset,ˈdeɪ.tə.set,noun,tập hợp dữ liệu có cấu trúc phục vụ phân tích hoặc huấn luyện mô hình,"large dataset, training dataset, analyze a dataset",dataset ↔ collection of data / data pool / records collection,The data science department is analyzing a large <b style='color:#0284c7'>dataset</b> to forecast sales trends for Q4.
Optimizing this SQL <span class='blank'>______</span> reduced the customer search response time to under fifty milliseconds.,Computers &amp; IT,query,ˈkwɪə.ri,noun,câu lệnh truy vấn hoặc yêu cầu trích xuất thông tin từ cơ sở dữ liệu,"database query, execute a query, search query",query ↔ inquiry / search request / question,Optimizing this SQL <b style='color:#0284c7'>query</b> reduced the customer search response time to under fifty milliseconds.
Our automated deployment <span class='blank'>______</span> runs automated test suites before publishing code to production.,Computers &amp; IT,pipeline,ˈpaɪp.laɪn,noun,đường ống dẫn quy trình xử lý dữ liệu hoặc kiểm thử tự động (CI/CD),"deployment pipeline, data pipeline, CI/CD pipeline",pipeline ↔ workflow / channel / delivery sequence,Our automated deployment <b style='color:#0284c7'>pipeline</b> runs automated test suites before publishing code to production.
Managers can review real-time server health and user traffic on the administrative <span class='blank'>______</span>.,Computers &amp; IT,dashboard,ˈdæʃ.bɔːd,noun,bảng điều khiển hiển thị trực quan các biểu đồ và chỉ số hiệu năng,"analytics dashboard, executive dashboard, monitoring dashboard",dashboard ↔ control panel / monitoring panel / visual display,Managers can review real-time server health and user traffic on the administrative <b style='color:#0284c7'>dashboard</b>.
The security engineer analyzed server access <span class='blank'>______</span> to track down the source of suspicious traffic.,Computers &amp; IT,log,lɒɡ,noun,nhật ký hệ thống ghi lại toàn bộ sự kiện và cảnh báo kỹ thuật,"system log, error log, review the logs",log ↔ audit trail / chronological record / register,The security engineer analyzed server access <b style='color:#0284c7'>logs</b> to track down the source of suspicious traffic.
Modifying the database <span class='blank'>______</span> requires careful planning to prevent data inconsistency.,Computers &amp; IT,schema,ˈskiː.mə,noun,"lược đồ cấu trúc tổ chức các bảng, cột và mối quan hệ trong cơ sở dữ liệu","database schema, schema migration, define a schema",schema ↔ structure / blueprint / architectural layout,Modifying the database <b style='color:#0284c7'>schema</b> requires careful planning to prevent data inconsistency.
Adding an <span class='blank'>______</span> on the email column greatly accelerated user login verifications.,Computers &amp; IT,index,ˈɪn.deks,noun,chỉ mục tra cứu giúp đẩy nhanh tốc độ tìm kiếm bản ghi,"database index, build an index, indexing speed",index ↔ lookup table / catalog / directory,Adding an <b style='color:#0284c7'>index</b> on the email column greatly accelerated user login verifications.
Employees can request vacation leave and review company policies through the staff <span class='blank'>______</span>.,Computers &amp; IT,portal,ˈpɔː.təl,noun,cổng thông tin điện tử cung cấp điểm truy cập tập trung cho nội bộ hoặc khách hàng,"employee portal, customer portal, intranet portal",portal ↔ web gateway / central entry / access hub,Employees can request vacation leave and review company policies through the staff <b style='color:#0284c7'>portal</b>.
A system administrator can manually <span class='blank'>______</span> security warnings in urgent circumstances.,Computers &amp; IT,override,ˌəʊ.vəˈraɪd,verb,ghi đè hoặc can thiệp thủ công vượt quyền quyết định tự động của hệ thống,"manual override, override default settings, emergency override",override ↔ overrule / supersede / bypass / countermand,A system administrator can manually <b style='color:#0284c7'>override</b> security warnings in urgent circumstances.
"Until the software vendor releases a bug patch, IT provided a temporary <span class='blank'>______</span> for staff.",Computers &amp; IT,workaround,ˈwɜːk.ə.raʊnd,noun,giải pháp tình thế khắc phục tạm thời sự cố trong khi chờ sửa lỗi vĩnh viễn,"temporary workaround, find a workaround, implement a workaround",workaround ↔ temporary fix / alternative solution / bypass / stopgap,"Until the software vendor releases a bug patch, IT provided a temporary <b style='color:#0284c7'>workaround</b> for staff."
"If the tier-one helpdesk cannot resolve the problem within an hour, they <span class='blank'>______</span> it to engineering.",Computers &amp; IT,escalate,ˈes.kə.leɪt,verb,chuyển tiếp sự cố lên cấp hỗ trợ kỹ thuật chuyên sâu hơn (L2/L3),"escalate an issue, escalate to tier 2 support, escalate the ticket",escalate ↔ elevate / pass up / refer to higher level,"If the tier-one helpdesk cannot resolve the problem within an hour, they <b style='color:#0284c7'>escalate</b> it to engineering."
The engineering team published a full post-mortem report following yesterday's network <span class='blank'>______</span>.,Computers &amp; IT,incident,ˈɪn.sɪ.dənt,noun,sự cố bất ngờ làm gián đoạn hoặc suy giảm chất lượng dịch vụ kỹ thuật,"incident response, security incident, major incident report",incident ↔ occurrence / outage / disruption / event,The engineering team published a full post-mortem report following yesterday's network <b style='color:#0284c7'>incident</b>.
Employees who exceed their allocated cloud <span class='blank'>______</span> limit will receive an automated warning.,Computers &amp; IT,storage,ˈstɔː.rɪdʒ,noun,dung lượng lưu trữ dữ liệu trên ổ đĩa hoặc điện toán đám mây,"cloud storage, storage capacity, external storage",storage ↔ space / memory capacity / data retention,Employees who exceed their allocated cloud <b style='color:#0284c7'>storage</b> limit will receive an automated warning.
Run the disk <span class='blank'>______</span> program to clean up temporary cache files and free up disk space.,Computers &amp; IT,utility,juːˈtɪl.ə.ti,noun,phần mềm tiện ích hỗ trợ quản trị và bảo trì máy tính,"system utility, utility software, disk utility",utility ↔ tool / helper application / maintenance program,Run the disk <b style='color:#0284c7'>utility</b> program to clean up temporary cache files and free up disk space.
Make sure your <span class='blank'>______</span> definitions are updated daily to safeguard against emerging threats.,Computers &amp; IT,antivirus,ˌæn.tiˈvaɪə.rəs,noun,phần mềm phòng chống và tiêu diệt virus bảo vệ máy tính,"antivirus software, antivirus definition updates, scan with antivirus",antivirus ↔ anti-malware / security shield / viral protection,Make sure your <b style='color:#0284c7'>antivirus</b> definitions are updated daily to safeguard against emerging threats.
"Before we <span class='blank'>______</span> the legacy database server, all historical records will be archived.",Computers &amp; IT,decommission,ˌdiː.kəˈmɪʃ.ən,verb,ngừng vận hành chính thức và tháo dỡ thiết bị/máy chủ cũ hết niên hạn,"decommission old servers, decommission hardware, plan to decommission",decommission ↔ retire / shut down / take out of service,"Before we <b style='color:#0284c7'>decommission</b> the legacy database server, all historical records will be archived."
Developers were advised that version two of the API will be <span class='blank'>______</span> by the end of this year.,Computers &amp; IT,deprecate,ˈdep.rə.keɪt,verb,tuyên bố không còn khuyến khích sử dụng và chuẩn bị ngừng hỗ trợ tính năng cũ,"deprecated API, deprecate old features, deprecation notice",deprecate ↔ phase out / declare obsolete / discontinue,Developers were advised that version two of the API will be <b style='color:#0284c7'>deprecated</b> by the end of this year.
Ensure the network Ethernet <span class='blank'>______</span> is firmly plugged into the rear of your workstation.,Computers &amp; IT,cable,ˈkeɪ.bəl,noun,dây cáp truyền tải dữ liệu hoặc dòng điện mạng,"Ethernet cable, fiber-optic cable, connect a cable",cable ↔ wire / cord / transmission line,Ensure the network Ethernet <b style='color:#0284c7'>cable</b> is firmly plugged into the rear of your workstation.
The office internet connection was restored shortly after rebooting the main network <span class='blank'>______</span>.,Computers &amp; IT,router,ˈruː.tər,noun,bộ định tuyến chuyển tiếp gói tin dữ liệu trên mạng máy tính,"wireless router, configure the router, restart the router",router ↔ network director / routing device,The office internet connection was restored shortly after rebooting the main network <b style='color:#0284c7'>router</b>.
The marketing team registered a new <span class='blank'>______</span> name for our upcoming product launch.,Computers &amp; IT,domain,dəˈmeɪn,noun,tên miền trang web hoặc miền quản lý mạng máy tính nội bộ,"domain name, domain controller, corporate domain",domain ↔ web address / network territory / realm,The marketing team registered a new <b style='color:#0284c7'>domain</b> name for our upcoming product launch.
Adopting a <span class='blank'>______</span> architecture allowed the startup to reduce infrastructure maintenance overhead.,Computers &amp; IT,serverless,ˈsɜː.və.ləs,adjective,"kiến trúc không máy chủ chuyên biệt, tự động co giãn theo nhu cầu thực tế","serverless architecture, serverless computing, deploy serverless functions",serverless ↔ on-demand compute / cloud-native execution,Adopting a <b style='color:#0284c7'>serverless</b> architecture allowed the startup to reduce infrastructure maintenance overhead.
Rapid advances in <span class='blank'>______</span> technology have facilitated seamless global collaboration.,Computers &amp; IT,telecommunication,ˌtel.ɪ.kəˌmjuː.nɪˈkeɪ.ʃən,noun,ngành viễn thông và truyền tải thông tin liên lạc từ xa,"telecommunication network, telecommunication equipment, telecommunication industry",telecommunication ↔ telecom / data communications / broadcast system,Rapid advances in <b style='color:#0284c7'>telecommunication</b> technology have facilitated seamless global collaboration.
